time,open,high,low,close,tick_volume
2023-01-01 00:00:00,1.0811963918713043,1.0815339810087916,1.0795428103740725,1.0804967141530113,662
2023-01-01 00:15:00,1.0808207666932965,1.0808930260286542,1.0799282573464504,1.0803584498518402,365
2023-01-01 00:30:00,1.0810359535749008,1.0814321635354007,1.08079933562323,1.0810061383899408,219
2023-01-01 00:45:00,1.082205699857496,1.0826831490111684,1.0812618560288259,1.082529168246349,811
2023-01-01 01:00:00,1.0826441265284323,1.0835909338619092,1.0820167383093586,1.0822950148716255,347
2023-01-01 01:15:00,1.0822576206073873,1.0823642674610738,1.0813931371301264,1.0820608779146763,169
2023-01-01 01:30:00,1.0840876873401977,1.0840882900778788,1.083397072585475,1.0836400907301837,952
2023-01-01 01:45:00,1.0847251113601777,1.0851336556757119,1.0836338734648674,1.0844075254593366,156
2023-01-01 02:00:00,1.0844628274310613,1.0847924502652775,1.083396705546458,1.0839380510734016,481
2023-01-01 02:15:00,1.0842129935112073,1.0849493961858008,1.0839774311852983,1.0844806111169876,138
2023-01-01 02:30:00,1.0846758904569922,1.0854796703891767,1.0839703753298056,1.0840171934241751,900
2023-01-01 02:45:00,1.0836502634729512,1.0840316258622344,1.0828885653468339,1.083551463670605,542
2023-01-01 03:00:00,1.0848310563784835,1.085215627553377,1.0831498441578788,1.0837934259421709,117
2023-01-01 03:15:00,1.0815355517884684,1.0823500972480675,1.0808369926959118,1.0818801456975131,831
2023-01-01 03:30:00,1.0810232097665828,1.0814379471875488,1.0798634282018271,1.0801552278650002,924
2023-01-01 03:45:00,1.0796918957274904,1.0797888087968768,1.0790737509102495,1.0795929403357591,855
2023-01-01 04:00:00,1.0782544002136176,1.07871236663608,1.0774947271758792,1.0785801092154248,451
2023-01-01 04:15:00,1.078652413630993,1.0798962877302234,1.0772363358319377,1.07889435654802,915
2023-01-01 04:30:00,1.0778261588184015,1.0783040414876033,1.077600579389197,1.0779863324724988,397
2023-01-01 04:45:00,1.0767861117443644,1.0774057409417912,1.0762981583712081,1.0765740287711636,382
2023-01-01 05:00:00,1.0783010952841028,1.0783310615992359,1.0774395466652158,1.0780396775400851,685
2023-01-01 05:15:00,1.0775270512376292,1.0779525897085775,1.0772954705565865,1.0778139012395984,209
2023-01-01 05:30:00,1.0778692521481559,1.0785617587422058,1.0776635388445979,1.0778814294442864,279
2023-01-01 05:45:00,1.077527816437379,1.0781822266369385,1.0758797308909451,1.076456681258073,643
2023-01-01 06:00:00,1.0767760701185982,1.0782858261965087,1.0749774276837,1.0759122985335479,845
2023-01-01 06:15:00,1.0762413829580946,1.0763333077304713,1.0758289607356661,1.0760232211232577,893
2023-01-01 06:30:00,1.0748912292849195,1.0757914848756749,1.074777015600873,1.0748722275458353,124
2023-01-01 06:45:00,1.0753079412275404,1.07592741440401,1.0750233162035385,1.0752479255641811,942
2023-01-01 07:00:00,1.0749540458606275,1.0750588755682648,1.0743923835276667,1.0746472868742623,890
2023-01-01 07:15:00,1.07384419684187,1.074601411217285,1.073826976336017,1.074355593124469,837
2023-01-01 07:30:00,1.0736251982435279,1.0741574478105582,1.0723810345668214,1.0737538865122396,156
2023-01-01 07:45:00,1.0747718726598097,1.0760929377966009,1.0744427484536427,1.0756061646967485,279
2023-01-01 08:00:00,1.0757922790333132,1.0760304579179913,1.0753659131157334,1.0755926674720107,331
2023-01-01 08:15:00,1.074858554512906,1.0751112895924892,1.0740438095259273,1.0745349565430546,993
2023-01-01 08:30:00,1.075115908224008,1.0758876064089071,1.0750864161132132,1.0753575014551577,442
2023-01-01 08:45:00,1.0749236511868319,1.0763034812062875,1.0739132215547853,1.0741366578051867,576
2023-01-01 09:00:00,1.0737326385686905,1.074541729383781,1.0735613639682615,1.0743455214001916,898
2023-01-01 09:15:00,1.0716536638362069,1.0726403330891656,1.0715684319507086,1.0723858512763118,675
2023-01-01 09:30:00,1.0711698911366934,1.0711826782927893,1.070576298944771,1.0710576652274133,554
2023-01-01 09:45:00,1.0717780756145885,1.072662613567033,1.0711512208234344,1.0712545264632825,331
2023-01-01 10:00:00,1.0728349568890068,1.0731823134545513,1.0716878849584832,1.0719929930432779,388
2023-01-01 10:15:00,1.0719349191930334,1.0723690025435244,1.0718564327125493,1.0721643613244678,312
2023-01-01 10:30:00,1.0725880534587953,1.0728500976577626,1.0717554474072977,1.0720487130420797,357
2023-01-01 10:45:00,1.07172835511174,1.0718237867825073,1.0716162469095947,1.0717476093464904,629
2023-01-01 11:00:00,1.0701827737061524,1.070680297322314,1.0698254688108342,1.070269087356123,786
2023-01-01 11:15:00,1.0699910731164717,1.070551588450134,1.0685242725084396,1.0695492431477283,328
2023-01-01 11:30:00,1.0694147658159752,1.0694148693484342,1.0685090673442905,1.0690886043767684,325
2023-01-01 11:45:00,1.0693575305244951,1.0701503767635565,1.0691894031551545,1.0701457266029872,695
2023-01-01 12:00:00,1.071227615067419,1.0713915624256753,1.0702765999259358,1.0704893448925559,902
2023-01-01 12:15:00,1.0694163504142669,1.0694939457561963,1.0681276812753704,1.068726304737193,534
2023-01-01 12:30:00,1.068737607355833,1.0694629378389218,1.0680517705072177,1.0690503887065879,981
2023-01-01 12:45:00,1.0688632081928902,1.0692967733007457,1.0683105859249578,1.0686653064261715,857
2023-01-01 13:00:00,1.0682353995190068,1.0685644577635445,1.0678441100779277,1.0679883844258655,501
2023-01-01 13:15:00,1.0687303975976183,1.0688822606120068,1.0682081839541442,1.0686000607147064,721
2023-01-01 13:30:00,1.0693559076602797,1.0703039956989389,1.0684884393723613,1.0696310602372023,865
2023-01-01 13:45:00,1.0702265286723496,1.0709719692861794,1.0697981426254362,1.0705623403563187,187
2023-01-01 14:00:00,1.0697103457976003,1.0699612332698683,1.0694325724078568,1.069723122833096,683
2023-01-01 14:15:00,1.0700002749668744,1.0704374695572307,1.0693117159414431,1.0694139104572447,992
2023-01-01 14:30:00,1.0700169739659455,1.0701482546304464,1.0691440991256103,1.0697451738886483,641
2023-01-01 14:45:00,1.0705354118497274,1.0708175139714544,1.0703375714938492,1.0707207190157706,783
2023-01-01 15:00:00,1.0706273941332496,1.0710528431143336,1.0700828181473003,1.0702415447779254,408
2023-01-01 15:15:00,1.0686316144909467,1.0701245716954613,1.0684651842887554,1.0700558858012617,442
2023-01-01 15:30:00,1.0695239336774416,1.0697191661024061,1.0689028573978054,1.0689495508272555,535
2023-01-01 15:45:00,1.0668834873137858,1.0678049550796411,1.0666188212575616,1.0677533442031748,276
2023-01-01 16:00:00,1.0683846495548677,1.068698551200269,1.0676274144002773,1.0685658700255691,238
2023-01-01 16:15:00,1.0693622751068268,1.0702134893829456,1.0692014785011572,1.0699221100541398,293
2023-01-01 16:30:00,1.069202759194699,1.0710695085116977,1.0683252926588755,1.0698500999325595,285
2023-01-01 16:45:00,1.071434046224141,1.0715011858052341,1.0708444320150599,1.0708536328304517,317
2023-01-01 17:00:00,1.0709814182548434,1.0719266429235492,1.0708687861962196,1.0712152688554992,263
2023-01-01 17:15:00,1.0707434010417594,1.0712065087428801,1.0702237877233356,1.070570149100894,260
2023-01-01 17:30:00,1.070908084416963,1.0714142434486982,1.0702734191686896,1.0709315447064025,624
2023-01-01 17:45:00,1.07270810168648,1.073326167047383,1.0716183239438035,1.0724695812728684,907
2023-01-01 18:00:00,1.0724721661792886,1.0725164949747694,1.0723325908355472,1.0724337552337586,700
2023-01-01 18:15:00,1.0733569027774783,1.0740970567432753,1.0725409743279337,1.0739983988895725,935
2023-01-01 18:30:00,1.0718767871952064,1.0721856131429235,1.0710121372877208,1.0713786537854828,141
2023-01-01 18:45:00,1.0719536779982772,1.0723585927178716,1.0710446470369983,1.072200556289858,309
2023-01-01 19:00:00,1.0715093124087662,1.0725954889329816,1.0711217346617488,1.0722876033580961,840
2023-01-01 19:15:00,1.0717745384271473,1.0725905382262146,1.071498018384221,1.0719885960076303,961
2023-01-01 19:30:00,1.0728307366794831,1.0729004598173237,1.0719633445569894,1.072080356784166,374
2023-01-01 19:45:00,1.0705178987406216,1.0707429933730475,1.0699685235605279,1.070092787869565,378
2023-01-01 20:00:00,1.0696987899145234,1.0698733799611557,1.0690985240852864,1.0698731159817274,350
2023-01-01 20:15:00,1.07005559970108,1.0705308319277038,1.069985419766156,1.0702302285532392,409
2023-01-01 20:30:00,1.071547305072372,1.0724300500060475,1.0705637702205786,1.0717081225979808,819
2023-01-01 20:45:00,1.0722282263714875,1.0733763168480561,1.0706312591488534,1.071189852379707,932
2023-01-01 21:00:00,1.0705723265029297,1.0708475949276755,1.0702884359007174,1.0703813587768138,239
2023-01-01 21:15:00,1.0700946225568249,1.070704978769782,1.0697246022416464,1.0698796017332293,891
2023-01-01 21:30:00,1.0713101455779472,1.0715642156767708,1.0707667096064812,1.0707950038509313,645
2023-01-01 21:45:00,1.0712431495401042,1.071317039699513,1.0705142695656942,1.071123754960591,920
2023-01-01 22:00:00,1.0704644736839135,1.0708206189613354,1.0694889227518942,1.070593994756824,629
2023-01-01 22:15:00,1.0710090872653948,1.0718334959571727,1.0709372932971422,1.0711072621899373,156
2023-01-01 22:30:00,1.0711685391095784,1.0713677121215865,1.070259549496885,1.0712043397392854,211
2023-01-01 22:45:00,1.0721543736115633,1.0723232219096237,1.0717745174638211,1.0721729847298183,104
2023-01-01 23:00:00,1.0718347464077596,1.0721458499797814,1.07142370227872,1.071470931635941,509
2023-01-01 23:15:00,1.071169242432247,1.0717386589911373,1.0709334645033313,1.0711432694893432,513
2023-01-01 23:30:00,1.0711174813748188,1.0716370372685289,1.0703192198559162,1.070751161336211,281
2023-01-01 23:45:00,1.0692472880980246,1.0693255285313468,1.0686075556321957,1.069287646388079,112
2023-01-02 00:00:00,1.0696230842603016,1.0699583245689221,1.0690629043331141,1.0695837666651435,438
2023-01-02 00:15:00,1.0688457215950573,1.0703807505538434,1.0685539494435514,1.0698448219373233,896
2023-01-02 00:30:00,1.0703080992313172,1.0710849786143253,1.0697851767705342,1.069849935393966,358
2023-01-02 00:45:00,1.0697885924985397,1.0701975373275523,1.0693254196179431,1.0696153482605908,189
2023-01-02 01:00:00,1.06869898257347,1.0688871873365189,1.0678465312345466,1.0681999775185402,715
2023-01-02 01:15:00,1.0663312045066782,1.0682303579729537,1.0659034266771679,1.067779332195775,990
2023-01-02 01:30:00,1.0684808050316386,1.0689156365722758,1.0666118772320863,1.0674366176792482,797
2023-01-02 01:45:00,1.066564545595949,1.0671970578022338,1.0660292403159592,1.0666343404100265,349
2023-01-02 02:00:00,1.0670271461067293,1.067621852053163,1.0661082534634567,1.0664730546983605,354
2023-01-02 02:15:00,1.0663571525916125,1.0676984420318032,1.066176443932976,1.0668771055551751,687
2023-01-02 02:30:00,1.0690696784089169,1.0695199887762408,1.0681167206845064,1.0687632914563856,997
2023-01-02 02:45:00,1.0684111614876306,1.0692570652320217,1.0681249663320427,1.0689378692692175,207
2023-01-02 03:00:00,1.0688835351795924,1.0693597288978147,1.0686582334731611,1.0691954196599402,767
2023-01-02 03:15:00,1.0700779894211074,1.0703795831366487,1.068186065574408,1.069120973744174,693
2023-01-02 03:30:00,1.0671068613284933,1.067474259529932,1.0665259694065372,1.067202202528875,688
2023-01-02 03:45:00,1.0672844050900157,1.0673658015430518,1.0670341192050539,1.0671756886534258,584
2023-01-02 04:00:00,1.0676709527287112,1.067691412316409,1.0670854889897965,1.0672359188633669,357
2023-01-02 04:15:00,1.0699470019198385,1.0704480956477291,1.0690944225081427,1.0696991609758522,738
2023-01-02 04:30:00,1.0695820094636428,1.069952421636353,1.0693123106463949,1.069506800011071,381
2023-01-02 04:45:00,1.0699908278546377,1.0702474346378734,1.0696826105489343,1.0698083473534046,187
2023-01-02 05:00:00,1.0709753433763185,1.0710896433339885,1.06967650101771,1.0697736355836993,303
2023-01-02 05:15:00,1.068576148147563,1.069102132233384,1.068198252397484,1.0686049575460799,115
2023-01-02 05:30:00,1.0698483298839523,1.07112949671335,1.0692234267973866,1.0697477803605948,250
2023-01-02 05:45:00,1.0710250405912856,1.0711205544725857,1.0696720098367376,1.0704997133932816,353
2023-01-02 06:00:00,1.0718435083068036,1.07304981601761,1.0710489645984014,1.0712907453403246,287
2023-01-02 06:15:00,1.0709748730383102,1.071367175182259,1.0700752744269526,1.07038135788553,428
2023-01-02 06:30:00,1.0721035173074804,1.0721131474973475,1.07153854836376,1.071784152196466,643
2023-01-02 06:45:00,1.0698107986773084,1.070513746548278,1.069631783987435,1.0703823011336737,882
2023-01-02 07:00:00,1.0717858739936246,1.0717971069400305,1.0708994596271424,1.070969158227474,496
2023-01-02 07:15:00,1.0725864411567747,1.0734331734108715,1.0722166145809124,1.073159613853284,616
2023-01-02 07:30:00,1.072320395260773,1.0729108016684274,1.0712143994843997,1.0721690775281534,558
2023-01-02 07:45:00,1.0712256418735409,1.072159940645885,1.0705664907111145,1.0716027797985506,429
2023-01-02 08:00:00,1.0716703619903416,1.0720601218213588,1.071634021728177,1.071702431163638,919
2023-01-02 08:15:00,1.0713633367146738,1.0717224295775278,1.070993208937241,1.071198955509522,944
2023-01-02 08:30:00,1.0698089706861809,1.0700282085555857,1.0696036750013451,1.0696482920784558,268
2023-01-02 08:45:00,1.0699278154303795,1.0699376237592264,1.069698069730772,1.0697168550532619,792
2023-01-02 09:00:00,1.069461406974065,1.0697978375920485,1.0677889506878133,1.0686545513395358,465
2023-01-02 09:15:00,1.069354910920928,1.0696508179877986,1.0683806746564444,1.069128143770171,277
2023-01-02 09:30:00,1.0680866412182919,1.0683857398914076,1.0680659784021567,1.068208719535937,754
2023-01-02 09:45:00,1.0702406975250989,1.0705274984115474,1.069537152875731,1.0697586539409547,461
2023-01-02 10:00:00,1.069570135893081,1.069621064040712,1.0684996257633315,1.0689754006486185,859
2023-01-02 10:15:00,1.0680395352248442,1.0694278492081604,1.067528953996064,1.0686533391324127,738
2023-01-02 10:30:00,1.0697655563847073,1.0703851099225343,1.0692301204002648,1.0694668563497824,874
2023-01-02 10:45:00,1.0685865784045039,1.0693203410373802,1.068102171487899,1.0682359920333484,139
2023-01-02 11:00:00,1.0683146702162725,1.0685458323885708,1.0678912848286641,1.0684634519679526,515
2023-01-02 11:15:00,1.0704584481288908,1.0704838919798187,1.068706981012059,1.069770594722235,454
2023-01-02 11:30:00,1.0680880836941575,1.068249782319859,1.0680385365440368,1.0681631114876737,354
2023-01-02 11:45:00,1.0684105335729417,1.0685325101718959,1.068046335018314,1.068347745346206,242
2023-01-02 12:00:00,1.0685210922283124,1.0687192292677719,1.0683049607529953,1.0686076281404544,851
2023-01-02 12:15:00,1.0693972405360224,1.0701421722553235,1.0691544289185475,1.0693894510122317,839
2023-01-02 12:30:00,1.0676043627579062,1.0689529522905918,1.0672505498104952,1.0681525003013537,952
2023-01-02 12:45:00,1.0661120182469723,1.0672462922006596,1.0657559313148843,1.0668320436882694,809
2023-01-02 13:00:00,1.0681512377854987,1.0682028651655733,1.0672986525696075,1.0673539852538863,676
2023-01-02 13:15:00,1.0672274892529603,1.0684725643326967,1.0667791681393026,1.0676509699271195,999
2023-01-02 13:30:00,1.0674057666027372,1.0679893899796815,1.0669847747550112,1.0679014627774654,110
2023-01-02 13:45:00,1.0671712159301605,1.0690786460698265,1.0669866123299367,1.0682479109869625,719
2023-01-02 14:00:00,1.0672484053915392,1.0675783295095318,1.0657949112818783,1.067567886265384,125
2023-01-02 14:15:00,1.0671385950658412,1.0679154904154042,1.0669511840375303,1.067800139962545,520
2023-01-02 14:30:00,1.0689142200159116,1.0695443023984978,1.0675739405254216,1.0680932124358435,762
2023-01-02 14:45:00,1.0678837695624885,1.0681919502665083,1.0665632231100868,1.0673788610178172,320
2023-01-02 15:00:00,1.068900560356373,1.069432233719124,1.0682818470372617,1.069244635528962,952
2023-01-02 15:15:00,1.0708446863525458,1.071003543900924,1.0696637642139573,1.0697184684498737,595
2023-01-02 15:30:00,1.0690180476961668,1.0696588695936686,1.067862844538547,1.068527164952671,336
2023-01-02 15:45:00,1.0690213028695505,1.0694625640916675,1.0688647106326181,1.069183718561305,336
2023-01-02 16:00:00,1.066959334033641,1.0687647658695463,1.066656082339533,1.0682090368910777,318
2023-01-02 16:15:00,1.0701415927811153,1.0702648451703314,1.0687681693972346,1.06899612149482,586
2023-01-02 16:30:00,1.0694599308404458,1.0704038279480759,1.0692303856853362,1.0701547170738275,560
2023-01-02 16:45:00,1.0685113353819975,1.0699041092747366,1.068164035197416,1.0693340347554758,762
2023-01-02 17:00:00,1.0708086961007248,1.071598966444009,1.0697202295506036,1.07029741088472,734
2023-01-02 17:15:00,1.0719300680148263,1.0724376151107402,1.0698342774082807,1.0707101918116566,243
2023-01-02 17:30:00,1.0722243883809064,1.0726298171365116,1.0713372901183713,1.071532251971651,288
2023-01-02 17:45:00,1.0737109995143312,1.0743397884437886,1.0733500182093452,1.0734290449543051,354
2023-01-02 18:00:00,1.0734810340091347,1.0735980439386883,1.0731353450032948,1.0731836568383022,167
2023-01-02 18:15:00,1.072856628453335,1.0730898076405582,1.072221937209971,1.0724299206739447,715
2023-01-02 18:30:00,1.0719198705392126,1.072413537797507,1.0710675332139707,1.0715404062443192,435
2023-01-02 18:45:00,1.0708651916713383,1.0709031671831595,1.0704204728635112,1.0707245959593537,770
2023-01-02 19:00:00,1.0706995948019156,1.070859518563543,1.0699889282899662,1.0706474942499395,920
2023-01-02 19:15:00,1.0709573496608065,1.0710645252208806,1.0705693357038848,1.0709886462247562,973
2023-01-02 19:30:00,1.070888354729653,1.0716829084749013,1.0703872462201898,1.0712653370240863,508
2023-01-02 19:45:00,1.0719521827346887,1.0731372896339695,1.0715759651160122,1.0720925202731222,399
2023-01-02 20:00:00,1.0712590437579026,1.0729093526785591,1.0705256511625947,1.0721055221650002,701
2023-01-02 20:15:00,1.0735098864287602,1.0736514265316053,1.0732591853553175,1.0735590562421575,456
2023-01-02 20:30:00,1.072800103855344,1.0743062025185344,1.072312447626105,1.0732943994089195,355
2023-01-02 20:45:00,1.0754627739169011,1.076017968497789,1.0752049598726792,1.0760145685755091,452
2023-01-02 21:00:00,1.076730182998851,1.0768252025163516,1.0761510248672603,1.0766402359232743,831
2023-01-02 21:15:00,1.07647907951003,1.0766578022214353,1.075522007093891,1.0757830783668578,620
2023-01-02 21:30:00,1.0751713441717978,1.075261540012679,1.0741603509545314,1.0747121858687967,623
2023-01-02 21:45:00,1.0744094079822284,1.0758810825213783,1.0742440133700646,1.07519465828404,936
2023-01-02 22:00:00,1.074476381430429,1.076077126454379,1.0740862818658703,1.0749711954987142,855
2023-01-02 22:15:00,1.0761555815868002,1.0769222984374485,1.0750199085407868,1.0756851959928062,793
2023-01-02 22:30:00,1.0756671899206105,1.0768704121936048,1.0750687955973974,1.0761584336173797,383
2023-01-02 22:45:00,1.0759732881297244,1.0762189308693402,1.07552643928503,1.076085604704723,411
2023-01-02 23:00:00,1.0755138370361668,1.075728459246316,1.0747923340516001,1.0752388109866544,198
2023-01-02 23:15:00,1.0732397915345369,1.0740182403968541,1.0723249814336788,1.0737239637619687,296
2023-01-02 23:30:00,1.0733301365629744,1.0741291987389163,1.0730726055135869,1.0732774488099015,581
2023-01-02 23:45:00,1.073466834856766,1.074364933937266,1.073110673776976,1.074133847604225,977
2023-01-03 00:00:00,1.0740472575263795,1.0753600961599987,1.07290643160811,1.0743479413483552,325
2023-01-03 00:15:00,1.0732620935367145,1.073943680539011,1.0727933817311763,1.0731022025696433,944
2023-01-03 00:30:00,1.0724788866287287,1.0733702365792996,1.0717113665049625,1.0732753834954945,714
2023-01-03 00:45:00,1.0738809382442034,1.0742119293331016,1.0727206958582693,1.0736607008752233,717
2023-01-03 01:00:00,1.0727670245395589,1.0729897870421186,1.0724106685251282,1.0727768434390221,464
2023-01-03 01:15:00,1.0732068135221764,1.0732163874108842,1.0719889934409383,1.0729305685449677,467
2023-01-03 01:30:00,1.073100734330446,1.0734214777849682,1.0728026177369447,1.0729887772634137,669
2023-01-03 01:45:00,1.0725278771805702,1.0727718133230058,1.0716271503720638,1.0718458069655832,689
2023-01-03 02:00:00,1.0722662065772552,1.0731683806321486,1.0721110065575163,1.0722035943259314,174
2023-01-03 02:15:00,1.072549676081737,1.0728598307481632,1.072336953649645,1.0727643788522996,141
2023-01-03 02:30:00,1.0739085788469909,1.074268457818065,1.0737362851675745,1.0738474300954748,521
2023-01-03 02:45:00,1.075172881162028,1.0758195176409635,1.074261799240853,1.0749012321475098,935
2023-01-03 03:00:00,1.0735479928147156,1.0740262110031247,1.0730474045891834,1.0735235627795527,280
2023-01-03 03:15:00,1.0726060335852394,1.0728422367241797,1.0722472401704082,1.0725857377396375,644
2023-01-03 03:30:00,1.0727497771629428,1.0738428310211143,1.0723634474403074,1.0731007730068463,170
2023-01-03 03:45:00,1.073283108498983,1.0737923656321513,1.0728680125930516,1.0736145589577584,667
2023-01-03 04:00:00,1.0734283040081647,1.074286135659326,1.0729781047139673,1.0741296066440644,204
2023-01-03 04:15:00,1.0788571265063125,1.0788574808036009,1.07775672547506,1.077982338134719,299
2023-01-03 04:30:00,1.0779312970277166,1.0791784325123972,1.0773395501942717,1.0785532286454123,200
2023-01-03 04:45:00,1.0793423416866952,1.0799910519487708,1.078753321253007,1.079688794285593,867
2023-01-03 05:00:00,1.0802835924163015,1.0810839625802477,1.079449980360526,1.080642796049086,406
2023-01-03 05:15:00,1.0817416494888643,1.0819676946552808,1.080532567989536,1.081294187300392,685
2023-01-03 05:30:00,1.0808314432166055,1.0812139391296314,1.0804636322179826,1.0809789180557516,782
2023-01-03 05:45:00,1.0823617583125817,1.0824946974274077,1.0808469878218594,1.0817378872762449,476
2023-01-03 06:00:00,1.0806283167495854,1.0811834219297276,1.0798000051457466,1.0809650620617073,754
2023-01-03 06:15:00,1.0808677405360791,1.080900806843392,1.0804660193868358,1.0807282434549672,777
2023-01-03 06:30:00,1.0798252063805083,1.0812927408017214,1.0794575546501672,1.0802428799071382,498
2023-01-03 06:45:00,1.0813973286104113,1.0815208414607842,1.0799640143846458,1.0803247540465246,872
2023-01-03 07:00:00,1.082045613403683,1.0828185826892085,1.0815205430338821,1.082639412613198,320
2023-01-03 07:15:00,1.0809270577757197,1.0812508286785374,1.0803933998459374,1.0807721474206062,694
2023-01-03 07:30:00,1.0817752960514468,1.082147392037197,1.0807731395389824,1.0814584076109808,281
2023-01-03 07:45:00,1.0800525912885168,1.080143203375126,1.079498090289749,1.0798456917397912,406
2023-01-03 08:00:00,1.0792811160445628,1.0796984463931623,1.079139240532732,1.0793737598740016,621
2023-01-03 08:15:00,1.0803978001211023,1.0811233624871055,1.079903863450652,1.080462710470969,495
2023-01-03 08:30:00,1.080548896226054,1.081258697728311,1.0801035650070019,1.0805269904900645,103
2023-01-03 08:45:00,1.079375744711321,1.0797494574950046,1.0787509352586726,1.0794492457121352,962
2023-01-03 09:00:00,1.0792158815612727,1.080149151536953,1.0783442675009225,1.0787339420028752,947
2023-01-03 09:15:00,1.0805188012526055,1.081022558097524,1.0793940299921212,1.0794135397518099,903
2023-01-03 09:30:00,1.0784044272275888,1.0790254880329728,1.0781954724547058,1.0786831731200928,380
2023-01-03 09:45:00,1.0782147302198852,1.0792949445092563,1.0772018262833296,1.0788996317096748,314
2023-01-03 10:00:00,1.078901062525403,1.0799302554584345,1.0783656363160607,1.0789452035495786,709
2023-01-03 10:15:00,1.0795834578708,1.0800297565399495,1.0773378936584028,1.0782936032019728,519
2023-01-03 10:30:00,1.0800357100073132,1.0810431332559385,1.079395482221812,1.0804375472912982,200
2023-01-03 10:45:00,1.081891024716338,1.0822564067758713,1.0809767264030055,1.081071466313616,620
2023-01-03 11:00:00,1.0798851741339968,1.079892310667915,1.078542601740361,1.0790463237269585,672
2023-01-03 11:15:00,1.078955983920874,1.0797097477514261,1.0783285225868728,1.079232778041728,408
2023-01-03 11:30:00,1.078855483116552,1.0790590012730155,1.0784786363395689,1.0785709915769595,757
2023-01-03 11:45:00,1.0802376232233202,1.0805807824517986,1.0789544671430005,1.0794234249117558,609
2023-01-03 12:00:00,1.0784413403028292,1.0786838513998807,1.0784350906418756,1.078630904173323,162
2023-01-03 12:15:00,1.0784143775518051,1.0788083742220924,1.0769801760239717,1.0785161677318562,732
2023-01-03 12:30:00,1.0787303145538623,1.0800093753030944,1.0778960149244232,1.0790211550108366,325
2023-01-03 12:45:00,1.0793795318396604,1.0806690310108624,1.0788501675747184,1.0798869102050068,204
2023-01-03 13:00:00,1.0783619750254179,1.0794952200854353,1.0782755741567196,1.078686613797951,871
2023-01-03 13:15:00,1.077740142428729,1.0784042905308717,1.0773541823513106,1.07835211256211,960
2023-01-03 13:30:00,1.0778942089850787,1.0783436010092402,1.0776565136750995,1.077877167250949,524
2023-01-03 13:45:00,1.0768388514028462,1.077888994831245,1.0764722733042913,1.0772238380183754,354
2023-01-03 14:00:00,1.0791061852145518,1.0792007454099404,1.0788747940624266,1.0789892922586564,528
2023-01-03 14:15:00,1.0786163261465156,1.0798550990255795,1.0776873754208165,1.0793942739696174,533
2023-01-03 14:30:00,1.0782988301313896,1.0783626046915784,1.0778317662649965,1.0781333900152823,306
2023-01-03 14:45:00,1.0794680164431416,1.0802235939082654,1.078902172729342,1.0790512519623372,127
2023-01-03 15:00:00,1.080176540338064,1.0818989960043757,1.0798572102537425,1.0811734081593498,781
2023-01-03 15:15:00,1.0823929017048248,1.0823989461787478,1.0816768142573574,1.082205873419901,435
2023-01-03 15:30:00,1.0813003379501838,1.0819265346723903,1.0805026935338422,1.080686503453947,687
2023-01-03 15:45:00,1.079597448871735,1.0803840853223932,1.0795234041618358,1.0802022693810807,727
2023-01-03 16:00:00,1.082305466723686,1.0827489104187347,1.0810286463619365,1.0814691805302672,168
2023-01-03 16:15:00,1.0809710205693315,1.081181401466172,1.0804054006828239,1.0807615110646485,965
2023-01-03 16:30:00,1.0808528245649154,1.0825074374211083,1.0802594572548267,1.0812053304927947,845
2023-01-03 16:45:00,1.0819520800073952,1.0820794386196222,1.0812339123045422,1.081979964546224,612
2023-01-03 17:00:00,1.081332197530907,1.0815505668067737,1.08093397885649,1.081053034074646,266
2023-01-03 17:15:00,1.0810315114142905,1.0812336587917715,1.0809705073449576,1.0809935087185842,963
2023-01-03 17:30:00,1.0780216193747383,1.0786395104706494,1.077299934191018,1.077752241378515,829
2023-01-03 17:45:00,1.076267516940641,1.0772633805770053,1.0756811385180074,1.0767278537371807,884
2023-01-03 18:00:00,1.0765599659978058,1.076900074050531,1.076142577173942,1.0764752855857878,467
2023-01-03 18:15:00,1.0745206451553702,1.0758237561600617,1.0735500364371382,1.0752275024038227,350
2023-01-03 18:30:00,1.07680430067708,1.0777492074997577,1.07636513913849,1.0768599137077544,958
2023-01-03 18:45:00,1.0749778185090615,1.0755895982427535,1.0747888145595523,1.0754297723297939,955
2023-01-03 19:00:00,1.074621962871802,1.0752418177586007,1.0745062399105392,1.0749897278430969,785
2023-01-03 19:15:00,1.0757385150079881,1.0757792763445388,1.0747972236515202,1.075120468420383,269
2023-01-03 19:30:00,1.0771073967697462,1.0772812350115153,1.0764539078906752,1.076561741709449,857
2023-01-03 19:45:00,1.0754304486187232,1.07567406290078,1.0746893990130428,1.0751258795582697,189
2023-01-03 20:00:00,1.0757428869280883,1.0766268973500055,1.0753021831636265,1.0762890433104246,660
2023-01-03 20:15:00,1.0761410721465967,1.076316352580188,1.075780504465324,1.076299276371444,545
2023-01-03 20:30:00,1.0759243165703858,1.0764679395398171,1.0748596306701144,1.0753177677203962,393
2023-01-03 20:45:00,1.0758507296514794,1.076393642215922,1.075102149794107,1.0757798711946596,249
2023-01-03 21:00:00,1.0771385956602237,1.077478282301702,1.0753938315356346,1.075978930890233,231
2023-01-03 21:15:00,1.0755753729327713,1.0761497699503506,1.0753115657644503,1.0753787140130742,532
2023-01-03 21:30:00,1.0755445406563093,1.075877696906764,1.0754087171668762,1.0754485160980642,158
2023-01-03 21:45:00,1.0749086442691012,1.0752944981476293,1.0746316153835431,1.0750632025012024,935
2023-01-03 22:00:00,1.0752434902988448,1.07610639366324,1.0747458683113256,1.0751767198464537,298
2023-01-03 22:15:00,1.0757626156027844,1.0761776328471424,1.0757475998632025,1.0758388505209746,314
2023-01-03 22:30:00,1.0777789216754643,1.078375976376988,1.0763486755648155,1.07742486733712,997
2023-01-03 22:45:00,1.0766654029966904,1.0771559857622603,1.0757488240155417,1.0761870518382932,660
2023-01-03 23:00:00,1.0779270904826956,1.0785522873441042,1.0771463438714748,1.0783200852129495,571
2023-01-03 23:15:00,1.0757023809366482,1.076599027860053,1.0749506710224337,1.076367997413427,843
2023-01-03 23:30:00,1.0752981096318397,1.0766079075730326,1.0751330495848566,1.0762162123183914,346
2023-01-03 23:45:00,1.0770585251883322,1.0771842946313546,1.0766986960339104,1.076804529524876,481
2023-01-04 00:00:00,1.076533838089524,1.0773842764899568,1.0762199711364817,1.077085521392611,338
2023-01-04 00:15:00,1.075386376576314,1.0771740068036395,1.075242357139353,1.0764628218727903,466
2023-01-04 00:30:00,1.0764489889246986,1.0773184387565975,1.0755454339498591,1.0762546996224331,267
2023-01-04 00:45:00,1.0770081984464908,1.0774976274718817,1.0745177943595068,1.0757616986877743,659
2023-01-04 01:00:00,1.0751692984750603,1.0752149930021127,1.0745308157820161,1.0751723339308301,150
2023-01-04 01:15:00,1.076441181415077,1.0768453142758974,1.0758529242873003,1.0760219360278511,910
2023-01-04 01:30:00,1.07641986619309,1.0768350883963682,1.0757754406898876,1.0763789515138162,709
2023-01-04 01:45:00,1.07563659709196,1.0759472989711882,1.0750989408954352,1.0756860419185554,827
2023-01-04 02:00:00,1.0770451800354826,1.0772543791459268,1.0757474452803846,1.0765856417939887,788
2023-01-04 02:15:00,1.076747804042771,1.0775937406113385,1.0762750506027996,1.0768929413148653,479
2023-01-04 02:30:00,1.0778394995907403,1.0781647246370083,1.0771291281784063,1.0777058034337044,573
2023-01-04 02:45:00,1.078496281178726,1.079247821329606,1.0777667750044457,1.078335432275628,179
2023-01-04 03:00:00,1.0771723920378844,1.0780324110735673,1.0770031155997415,1.0775064372647059,796
2023-01-04 03:15:00,1.0774422773992771,1.0779413077129343,1.0764772934362408,1.076946256224509,466
2023-01-04 03:30:00,1.0776060699512844,1.0778855354656083,1.077497757463582,1.077693549829632,560
2023-01-04 03:45:00,1.0779260475153192,1.0784290201981916,1.077413171173499,1.0783039200950657,638
2023-01-04 04:00:00,1.0785512734228866,1.0795491071677785,1.07773260780189,1.0782830185011014,551
2023-01-04 04:15:00,1.0779511118935148,1.079955305162413,1.0774204264110783,1.0784003458844102,563
2023-01-04 04:30:00,1.0796921013588832,1.0799954628884512,1.0794120076807876,1.0796780107801986,577
2023-01-04 04:45:00,1.0790818798930408,1.079178037700723,1.0789010493624174,1.0790864393913628,519
2023-01-04 05:00:00,1.0801764845554487,1.080443737379689,1.0787529427100992,1.079633536772533,806
2023-01-04 05:15:00,1.079668693236539,1.0801125209494757,1.079431187283793,1.079431344120099,313
2023-01-04 05:30:00,1.0792011494374993,1.0793739967296505,1.078610212374789,1.0792136629168718,468
2023-01-04 05:45:00,1.0807213229184591,1.0816189285964153,1.080087702812443,1.080312439768859,953
2023-01-04 06:00:00,1.0818329598923557,1.0819479952719515,1.0800948325930786,1.081137856117847,213
2023-01-04 06:15:00,1.0822302709070235,1.0824791424515692,1.0814439860072547,1.0819513657538475,853
2023-01-04 06:30:00,1.0832620208709236,1.083594982996951,1.083076113177655,1.083256844561002,602
2023-01-04 06:45:00,1.0826219302864595,1.083488641707942,1.0824137072674087,1.0832778484026346,735
2023-01-04 07:00:00,1.083427244542392,1.0843792716241645,1.0834002921178891,1.0839598013739298,916
2023-01-04 07:15:00,1.083496922265159,1.0839581612106097,1.0830057704749703,1.0836495346173363,687
2023-01-04 07:30:00,1.083668944868745,1.0842528518467978,1.0831080159406299,1.0839737009698247,410
2023-01-04 07:45:00,1.0837500722639644,1.084393635031943,1.0825900519029557,1.083843557915457,568
2023-01-04 08:00:00,1.0839688788428983,1.0841886294582084,1.0838424881509376,1.0839405538804496,923
2023-01-04 08:15:00,1.084800557283065,1.085190025534821,1.0840836767610187,1.0845357109058866,807
2023-01-04 08:30:00,1.0836822408336237,1.0839463766557291,1.082907760571097,1.0837174902226532,962
2023-01-04 08:45:00,1.0860531283202517,1.0868903745369254,1.0856808895077281,1.0858098774983387,143
2023-01-04 09:00:00,1.084836097324244,1.0848388953336585,1.0842519214451807,1.0848038601168388,514
2023-01-04 09:15:00,1.0826019382208742,1.0839240423318475,1.0823643543476265,1.0835896715040512,797
2023-01-04 09:30:00,1.084278114680642,1.085293632815621,1.0842769127601826,1.0847477823775513,954
2023-01-04 09:45:00,1.0854674012936534,1.0857329949227512,1.0851727654677588,1.0855394450715141,345
2023-01-04 10:00:00,1.0855587175171457,1.0865113337673493,1.0850126357007868,1.0861635648885664,183
2023-01-04 10:15:00,1.0870918747628286,1.0875164258182002,1.086374534734668,1.0867919103978305,306
2023-01-04 10:30:00,1.0875450390411554,1.0876920225149875,1.0863227778142908,1.0867796636249836,250
2023-01-04 10:45:00,1.0864917901793465,1.0865275898052755,1.0851095443601524,1.0858824092534978,767
2023-01-04 11:00:00,1.0858514923762266,1.0867171506850322,1.0850565728871362,1.0859582138116917,627
2023-01-04 11:15:00,1.0860264151686043,1.0862049297690077,1.0849940164897325,1.0852810521001794,264
2023-01-04 11:30:00,1.0863305055621983,1.0867756971439582,1.0855563745110244,1.0862561718335972,244
2023-01-04 11:45:00,1.085940571466536,1.0863967169601485,1.0852695075922933,1.0861091144520951,136
2023-01-04 12:00:00,1.084976915923532,1.0855339501159933,1.0842940038458244,1.0852836172553026,432
2023-01-04 12:15:00,1.0848109965704056,1.0849871182572401,1.084736511915522,1.0849622314136496,502
2023-01-04 12:30:00,1.0851810744586545,1.0853786944472392,1.084929682245207,1.0853751628679251,513
2023-01-04 12:45:00,1.084896646426309,1.0852268069960458,1.083913257903658,1.0848114383151213,144
2023-01-04 13:00:00,1.0840695049100797,1.084418919120181,1.0836361784626471,1.0839892179195547,501
2023-01-04 13:15:00,1.0842344281411234,1.0844449146133182,1.0841115644926407,1.0842329051310466,305
2023-01-04 13:30:00,1.0846963407870287,1.0849423502110251,1.0839646870983226,1.0844778717021555,161
2023-01-04 13:45:00,1.0845662516641774,1.0848292690855112,1.0833559282404246,1.0839709285267842,519
2023-01-04 14:00:00,1.0839746672888866,1.0850513387488223,1.0830175375082904,1.0834998902211659,967
2023-01-04 14:15:00,1.0829894911742988,1.0842805165144005,1.0821752568969125,1.0837319401585237,567
2023-01-04 14:30:00,1.0810068952495753,1.0825232745450304,1.080864702924772,1.0822838558170262,919
2023-01-04 14:45:00,1.0813435519982693,1.0817749398802907,1.0800811010063407,1.0808763920426496,118
2023-01-04 15:00:00,1.0794745084721895,1.0805046872773543,1.0791350428271598,1.0801579478213972,464
2023-01-04 15:15:00,1.0798321179687391,1.080140506989645,1.079763620224018,1.0799445006696855,399
2023-01-04 15:30:00,1.079670351722254,1.0807853764273068,1.0794106535363408,1.0802554082352835,106
2023-01-04 15:45:00,1.080829774233443,1.0820392674270212,1.0806593202947699,1.081730764452233,860
2023-01-04 16:00:00,1.0828591554395375,1.0832009401011378,1.0823742657292474,1.082588424075435,527
2023-01-04 16:15:00,1.082808063125623,1.0834910409812233,1.0823899072973626,1.0824284855454716,216
2023-01-04 16:30:00,1.0821212141372056,1.0830154413302622,1.0818243084331713,1.082409469337569,679
2023-01-04 16:45:00,1.0801114188268586,1.0815375652385482,1.0800286031216997,1.0814069399729311,606
2023-01-04 17:00:00,1.0811153046128124,1.0815730654065618,1.0810760160979527,1.0813884268369387,645
2023-01-04 17:15:00,1.08129567020072,1.081367364434391,1.080035401150811,1.0810997681980186,805
2023-01-04 17:30:00,1.0806830309739694,1.0823106043748059,1.080453946916575,1.0814224867583566,424
2023-01-04 17:45:00,1.080686935774694,1.0808912621804343,1.080105395202446,1.0805952558148044,154
2023-01-04 18:00:00,1.081106947404459,1.0816292880831364,1.080530281202856,1.0811146023290454,877
2023-01-04 18:15:00,1.0829369869918486,1.0836133221347704,1.0818036690684927,1.082647341242048,141
2023-01-04 18:30:00,1.0825983712777982,1.083359550870907,1.0816416348446574,1.0825385810935912,396
2023-01-04 18:45:00,1.0824537583452494,1.083496637003185,1.0817760345936933,1.0829402928156902,330
2023-01-04 19:00:00,1.0842287225582334,1.0845433542550798,1.083275926328586,1.0836304368074012,552
2023-01-04 19:15:00,1.083149951549002,1.0839960801904738,1.0821733219802387,1.0832292163355155,989
2023-01-04 19:30:00,1.083439656547571,1.083721209548852,1.0831767167096233,1.083453308817326,493
2023-01-04 19:45:00,1.082999267238571,1.084319580196904,1.082910392185437,1.0834659012181076,621
2023-01-04 20:00:00,1.0833419361910608,1.0841218395366308,1.0831416954978077,1.0835635773166565,457
2023-01-04 20:15:00,1.0823481661757877,1.0834084733428047,1.0822826335826798,1.0827905675328011,543
2023-01-04 20:30:00,1.0827286046770983,1.0828930267960284,1.0826898829467353,1.08281507770706,227
2023-01-04 20:45:00,1.0841689302383766,1.084443073886622,1.0827154291165058,1.0833130759983054,790
2023-01-04 21:00:00,1.084078269034635,1.084844228719027,1.0833528052604953,1.0847642196061005,504
2023-01-04 21:15:00,1.0849167097332473,1.0859743818002696,1.0840131114114284,1.0857234904321857,491
2023-01-04 21:30:00,1.0886122580534439,1.089170957461395,1.0870353435426359,1.0878766728896971,292
2023-01-04 21:45:00,1.0870046634882333,1.0878335749417556,1.0864926491927902,1.0871093253268092,703
2023-01-04 22:00:00,1.0876471095942,1.0881615302864245,1.0875072044230114,1.0879816459635299,980
2023-01-04 22:15:00,1.0886849403129664,1.0893479641560073,1.0876827190718132,1.0881649879692683,842
2023-01-04 22:30:00,1.0900519831326174,1.0905615234830475,1.0897990003558895,1.0903547909024858,177
2023-01-04 22:45:00,1.0904594974739041,1.0905896377271955,1.0891823565159275,1.0895464926171308,184
2023-01-04 23:00:00,1.0890457337106196,1.089527613173725,1.0876242427410467,1.08870677077495,129
2023-01-04 23:15:00,1.087863422425433,1.0885859535869533,1.0872681481282613,1.0881073781295059,824
2023-01-04 23:30:00,1.087062136511829,1.0872340304526038,1.08587719538988,1.0859834824051962,148
2023-01-04 23:45:00,1.0851548699220137,1.0854820535593006,1.0846413767903538,1.0854577273835153,876
2023-01-05 00:00:00,1.0850696424079662,1.085086040905672,1.084145644509783,1.0846985947219616,244
2023-01-05 00:15:00,1.0849986347986411,1.0853778824659912,1.0845670147644086,1.0848489885084378,168
2023-01-05 00:30:00,1.0858416151289145,1.0859568154860173,1.0847826358619441,1.085190744484215,157
2023-01-05 00:45:00,1.0878476709217944,1.0883097874939285,1.087027843791946,1.087066915323431,796
2023-01-05 01:00:00,1.0880333412361498,1.0884784404417123,1.087586521099368,1.088017339161617,673
2023-01-05 01:15:00,1.0870637265707814,1.0879580601733165,1.0869941963714547,1.0874404355059546,578
2023-01-05 01:30:00,1.0867720069060758,1.087695100837195,1.0857535225935107,1.0865420208346062,919
2023-01-05 01:45:00,1.0866950823212367,1.087498695436209,1.0862936700992614,1.0870339400061126,544
2023-01-05 02:00:00,1.0867204004228554,1.0874686650504004,1.0856767203672948,1.085713706799092,395
2023-01-05 02:15:00,1.0876134332304879,1.0879384451976912,1.0875073327627836,1.0875451655649464,777
2023-01-05 02:30:00,1.0885419449100115,1.0887663246705628,1.0875556738216166,1.0887246056856676,270
2023-01-05 02:45:00,1.0883477701864954,1.0890725927963447,1.0875624360623635,1.088255430033563,674
2023-01-05 03:00:00,1.0858687323597074,1.0870032254110347,1.0856159377387895,1.0865422955044721,246
2023-01-05 03:15:00,1.0874103608593824,1.0883981465646784,1.0866658043052182,1.0878961678786376,583
2023-01-05 03:30:00,1.088381834987357,1.0884854686520566,1.0866459031606737,1.087781628033385,405
2023-01-05 03:45:00,1.0886909972058727,1.0890541165138765,1.0884887984942808,1.0890194443453585,772
2023-01-05 04:00:00,1.086901561195223,1.0877858854632325,1.086655846468863,1.087425016686564,752
2023-01-05 04:15:00,1.087093968039874,1.0871823784759436,1.0865407614850109,1.0868256416636102,945
2023-01-05 04:30:00,1.08742373744066,1.0876970774829535,1.0867331444975517,1.0868308853633284,708
2023-01-05 04:45:00,1.0872373426124258,1.0873731701675888,1.0868284433564737,1.0868778659570932,545
2023-01-05 05:00:00,1.0869258243285167,1.0877625503736659,1.0862098127908637,1.0864278004856138,320
2023-01-05 05:15:00,1.0866722528736765,1.0877208809438565,1.0854061298310667,1.0870506504179613,654
2023-01-05 05:30:00,1.085272124655208,1.0866328206070426,1.0849310899101767,1.0859830299885789,903
2023-01-05 05:45:00,1.0865913173295354,1.087006183538475,1.0857775615517267,1.0858406505035576,477
2023-01-05 06:00:00,1.0857996062158484,1.0863666444125153,1.0856883687674592,1.0859609461352695,719
2023-01-05 06:15:00,1.0863499684611007,1.0870495166137046,1.0853265373632408,1.0864753849693283,365
2023-01-05 06:30:00,1.0878510969183417,1.0882604857402192,1.0868495328380219,1.087186999847417,194
2023-01-05 06:45:00,1.0863404727602797,1.087109438719486,1.0858608197610466,1.0860623577555792,361
2023-01-05 07:00:00,1.0847561874708844,1.0853174598740067,1.0835324669337412,1.0845282435848436,924
2023-01-05 07:15:00,1.0868884215791925,1.0873471729896997,1.085389889754317,1.085805920406742,996
2023-01-05 07:30:00,1.0858164753035315,1.0866470651521434,1.0855414176620632,1.0861382344187216,170
2023-01-05 07:45:00,1.0858536679462056,1.0859894156016185,1.0853162351704495,1.085389747882165,318
2023-01-05 08:00:00,1.0869694064201363,1.087245144557756,1.086520532616623,1.0869408998576877,632
2023-01-05 08:15:00,1.0871908706314122,1.0873611652396125,1.0869526732383037,1.0870565744919805,191
2023-01-05 08:30:00,1.0890001058892507,1.0891954538497148,1.0875895590024682,1.0882358716760443,226
2023-01-05 08:45:00,1.0885573080355992,1.0892205440997549,1.0880373058758908,1.0883033901574544,179
2023-01-05 09:00:00,1.090633286121861,1.0911569449751717,1.0900604608657303,1.0903641380823363,923
2023-01-05 09:15:00,1.0926557325934345,1.0932405275896484,1.0920808684021681,1.0921194789247797,337
2023-01-05 09:30:00,1.091688038411529,1.0919852101483347,1.091475116582214,1.0918705147763006,471
2023-01-05 09:45:00,1.0924224808935854,1.0928638242021618,1.0922133780156413,1.092842085727255,585
2023-01-05 10:00:00,1.0929650570798295,1.0942530154281178,1.0920770512028053,1.09348746167684,793
2023-01-05 10:15:00,1.0938729149396844,1.0951132206123815,1.093340944445904,1.0948560932343725,124
2023-01-05 10:30:00,1.0949192733387625,1.0952053020596195,1.093764885350794,1.0938911697737923,255
2023-01-05 10:45:00,1.09402561705093,1.0946083167422904,1.093333351027133,1.0945772212337908,616
2023-01-05 11:00:00,1.0955250189088475,1.0961978224005757,1.0953029197452022,1.0956356457206404,731
2023-01-05 11:15:00,1.093738499584273,1.0940439448497072,1.093187838105405,1.0938769062342173,888
2023-01-05 11:30:00,1.092847351070456,1.0931296540334028,1.0924603750658264,1.0926936477215514,629
2023-01-05 11:45:00,1.091062284150061,1.091572116319407,1.08998130266569,1.0906544155437914,809
2023-01-05 12:00:00,1.0908152454535267,1.0908270215289637,1.0901238833913378,1.0903850087093467,156
2023-01-05 12:15:00,1.090811012245858,1.091189728094094,1.0907620546226366,1.0911025509651426,704
2023-01-05 12:30:00,1.0925213471603457,1.0927175619782594,1.0913851298001223,1.0926049080172389,118
2023-01-05 12:45:00,1.0928202927729027,1.0930050562373195,1.0922344842365186,1.0926790027976585,483
2023-01-05 13:00:00,1.0941832727801382,1.0943733546410657,1.0938964005696359,1.0943076183432299,964
2023-01-05 13:15:00,1.093731189673025,1.0941442132587458,1.0922893646767458,1.092927516885015,292
2023-01-05 13:30:00,1.0914696219214788,1.0916880040400978,1.0905799806369278,1.0912241344456597,336
2023-01-05 13:45:00,1.091536025639788,1.0923393141901572,1.0910222290056921,1.091168586746763,486
2023-01-05 14:00:00,1.0918840928300362,1.0927588847821388,1.0914798915968182,1.0915526521957024,525
2023-01-05 14:15:00,1.092106694376351,1.0927974214156964,1.0912128961651042,1.0915199574476084,376
2023-01-05 14:30:00,1.0895430261269203,1.090189157474473,1.0893820239977625,1.0894525153475685,326
2023-01-05 14:45:00,1.0887149793340778,1.0897082492106782,1.087920665870056,1.0893633953080557,844
2023-01-05 15:00:00,1.0882587697834272,1.0885102571687029,1.0877112245702756,1.0880589258075508,651
2023-01-05 15:15:00,1.088402919909485,1.0888603419640464,1.0878324156546086,1.0887285983563808,422
2023-01-05 15:30:00,1.088830888261603,1.0892423086669845,1.0887751338480314,1.0890951966024778,252
2023-01-05 15:45:00,1.0884484988255279,1.088565702725686,1.087752833575724,1.0881553168161504,738
2023-01-05 16:00:00,1.0882605914345305,1.0886524742673236,1.0874475999406092,1.0876414498988136,336
2023-01-05 16:15:00,1.0865928721652929,1.086938142691451,1.08637542854411,1.0865822363769249,154
2023-01-05 16:30:00,1.086673973785951,1.0871320697436917,1.0862807344883496,1.0865195572796515,535
2023-01-05 16:45:00,1.0883258070724704,1.0887417181765857,1.0868471319141662,1.0874746996001527,783
2023-01-05 17:00:00,1.0866093501435614,1.0866429392885861,1.086425146213058,1.0864889735538172,208
2023-01-05 17:15:00,1.0882938616264253,1.0886517416209807,1.0867127162509116,1.0869930200693352,965
2023-01-05 17:30:00,1.0867455172737783,1.0870865433066346,1.0849980381059614,1.0864627624509626,283
2023-01-05 17:45:00,1.0847895082391223,1.0864135126963683,1.0837630222268715,1.0856698896187003,467
2023-01-05 18:00:00,1.0859395300692982,1.0862295566899833,1.0850184744316376,1.0855628592587458,297
2023-01-05 18:15:00,1.084718196128768,1.0848378983790357,1.084339466573864,1.0845276169363265,470
2023-01-05 18:30:00,1.0846188440080207,1.084868686563172,1.0839645581061088,1.0839739676309792,472
2023-01-05 18:45:00,1.0831126804140254,1.083348681549485,1.0821902625647317,1.0827760897383905,596
2023-01-05 19:00:00,1.0846715868793149,1.0847787925052648,1.0838237254404095,1.0847408148713067,698
2023-01-05 19:15:00,1.0841639293051337,1.0851474196324584,1.0832152849577472,1.0847760784232785,300
2023-01-05 19:30:00,1.0839718412866428,1.0843174773916262,1.0838934944225196,1.084076352915286,948
2023-01-05 19:45:00,1.0838650725989154,1.0849091640371837,1.0833533072768227,1.08429033282602,608
2023-01-05 20:00:00,1.0838877430514269,1.0846125828085238,1.08380009966196,1.0841780047763292,421
2023-01-05 20:15:00,1.0842513243790062,1.0846949697976396,1.083288672457358,1.083957035176796,374
2023-01-05 20:30:00,1.0854061541290152,1.0857877971811045,1.0843652901923575,1.0845712018768394,310
2023-01-05 20:45:00,1.0855260453517983,1.0855450142695222,1.085262745603501,1.0853287095868869,603
2023-01-05 21:00:00,1.0842002669082587,1.0851398729356818,1.0839729930488868,1.0847982084392762,217
2023-01-05 21:15:00,1.0844446915327417,1.0845493484425315,1.084113063559914,1.0842223901986316,802
2023-01-05 21:30:00,1.0845456542448029,1.085082143268686,1.0839016387227254,1.08394733850148,653
2023-01-05 21:45:00,1.0813405258845847,1.0828273535840542,1.081300086635652,1.0816454173367445,141
2023-01-05 22:00:00,1.0800632176912093,1.0805232192908634,1.0800370884459605,1.0801302262745458,414
2023-01-05 22:15:00,1.0815044446393551,1.082194966940932,1.0809667980087923,1.0814971005419904,887
2023-01-05 22:30:00,1.0827496190989505,1.083293977553294,1.0823911110243865,1.0831420682554915,428
2023-01-05 22:45:00,1.083217172432857,1.08357795368542,1.0822507400830852,1.0828930322159351,116
2023-01-05 23:00:00,1.083409115104687,1.0835850223659134,1.0829202073298438,1.083469589178991,382
2023-01-05 23:15:00,1.0839906055554882,1.0847172358871486,1.0827280158626145,1.0837808393335346,357
2023-01-05 23:30:00,1.0864159740530888,1.0875290230418515,1.0858391788814303,1.0868597201419898,674
2023-01-05 23:45:00,1.0877605659032628,1.0883257543649403,1.0870673912046314,1.0879792950534244,673
2023-01-06 00:00:00,1.0882125681408574,1.0885154985512369,1.0877002871684522,1.0878513774619436,711
2023-01-06 00:15:00,1.0867094204452972,1.0877555259744467,1.0854078519013834,1.086895837021343,118
2023-01-06 00:30:00,1.0861528726267025,1.0871491303032865,1.085108735420102,1.0852893907010857,628
2023-01-06 00:45:00,1.0852930362441455,1.0858761826308445,1.085260944163501,1.0854928543369529,936
2023-01-06 01:00:00,1.0848488459545444,1.0851236245224987,1.084231204481704,1.0847365035916685,522
2023-01-06 01:15:00,1.0837805452980074,1.0842103392414972,1.0830566406851667,1.083314249882071,565
2023-01-06 01:30:00,1.0819584941313618,1.082861242322723,1.08119339653193,1.0826676769978283,472
2023-01-06 01:45:00,1.0807057245882234,1.08160883460318,1.0803732610070726,1.081586128994214,857
2023-01-06 02:00:00,1.0825104424720013,1.0832859648395576,1.0820481604148122,1.0832732706292865,862
2023-01-06 02:15:00,1.0847862024379495,1.0857460390160483,1.0833561108014382,1.084154910386236,180
2023-01-06 02:30:00,1.0838710086719732,1.0841538566179665,1.0837075000131682,1.0841469377449193,650
2023-01-06 02:45:00,1.0869059815266435,1.0872508454136756,1.085520153494134,1.0856268818838093,647
2023-01-06 03:00:00,1.0854221263921282,1.0859508116026568,1.0851740267984467,1.0857042501914569,523
2023-01-06 03:15:00,1.084935241641727,1.0856570576434614,1.084575307633845,1.0848429659901286,528
2023-01-06 03:30:00,1.0871371450436824,1.087765398490822,1.0861103402797174,1.0863660900673984,487
2023-01-06 03:45:00,1.0879080465551625,1.0883146491485365,1.0859374230910528,1.086905000111083,808
2023-01-06 04:00:00,1.0868985057450746,1.0870379872102405,1.0854600034455344,1.0858677539567565,769
2023-01-06 04:15:00,1.0862815983939695,1.0864214784782174,1.0856533710250076,1.085677415278673,303
2023-01-06 04:30:00,1.0853138282881938,1.0857090142362196,1.0847102217897615,1.0848017970252881,295
2023-01-06 04:45:00,1.0837152607689244,1.083885286416209,1.0832406607272338,1.0834189972943238,827
2023-01-06 05:00:00,1.084734355379939,1.0850196618785486,1.0837548543856295,1.0843451748418556,384
2023-01-06 05:15:00,1.0859789986241613,1.086738683812592,1.0856653419011857,1.0862545914823256,295
2023-01-06 05:30:00,1.0844469244667954,1.0850216781000983,1.0844243131122953,1.0848560239085066,406
2023-01-06 05:45:00,1.0854173059164915,1.0857251115124509,1.085391706965551,1.085418993145197,763
2023-01-06 06:00:00,1.0846832582648127,1.085310925839354,1.084432366168407,1.0847683505760752,113
2023-01-06 06:15:00,1.084054611167647,1.0846939304573,1.083368378393705,1.0842812251923106,936
2023-01-06 06:30:00,1.0840370249918,1.0855115722044544,1.083527344016263,1.0836888312680717,245
2023-01-06 06:45:00,1.0833024931026771,1.0839248328930455,1.082794338512464,1.0828248404983918,156
2023-01-06 07:00:00,1.0829175655694825,1.0835931027525865,1.0826232418916184,1.0828733621263367,822
2023-01-06 07:15:00,1.0827811770504534,1.0834424060288252,1.0817756118567061,1.0820424120099257,879
2023-01-06 07:30:00,1.0817420242786389,1.0825538018665648,1.0811316136292324,1.0823128688357055,309
2023-01-06 07:45:00,1.0821658009966166,1.0825362631249453,1.0817274141060107,1.0822626307262564,628
2023-01-06 08:00:00,1.0816652715190884,1.0822981245970484,1.0808092513770795,1.0820236826793899,897
2023-01-06 08:15:00,1.0801828507088118,1.0812435969141252,1.0793090324538976,1.0811161190173484,443
2023-01-06 08:30:00,1.0804980073438586,1.0806020748167815,1.0802806223115802,1.08053934768678,814
2023-01-06 08:45:00,1.0812338651584141,1.0814586786746854,1.0809961498171508,1.0812947389126057,710
2023-01-06 09:00:00,1.0825523809718514,1.082595327474998,1.0813978775662598,1.0817956561002302,378
2023-01-06 09:15:00,1.081133506697709,1.082243156884083,1.080605903886501,1.0808181008554316,308
2023-01-06 09:30:00,1.0804053397486963,1.0810323329761484,1.0797655804138162,1.0809174331608609,740
2023-01-06 09:45:00,1.0825958665673998,1.08302156978453,1.0805604108645557,1.0816688202842326,434
2023-01-06 10:00:00,1.0806099318508737,1.080697537560328,1.0797480425993657,1.0799994150031111,387
2023-01-06 10:15:00,1.0808338240472255,1.0823264535485273,1.0792961397853262,1.0805427751954912,351
2023-01-06 10:30:00,1.0797669093871203,1.0800638922692825,1.0792840769853587,1.0798801514365453,364
2023-01-06 10:45:00,1.079971030486777,1.0806075149482248,1.0791564473043265,1.0804507501051386,370
2023-01-06 11:00:00,1.0795013875605606,1.0801483916995847,1.0792104965438645,1.079687490948596,799
2023-01-06 11:15:00,1.0784269831577835,1.0786683271013882,1.077295668865727,1.0778826088479314,518
2023-01-06 11:30:00,1.0771973595630155,1.0774074068082415,1.076156097545556,1.0762550664100483,825
2023-01-06 11:45:00,1.0770747731208457,1.0773781984174535,1.075269198187628,1.0763031513567096,894
2023-01-06 12:00:00,1.0763184491475382,1.077591145640846,1.0754026080239352,1.0765628738584312,310
2023-01-06 12:15:00,1.0750987485166823,1.0762240014509898,1.0745730935608626,1.0756585572333268,464
2023-01-06 12:30:00,1.0763675928155596,1.0766044088539652,1.0755484338505144,1.076297149692104,175
2023-01-06 12:45:00,1.0737514099470538,1.075098820194826,1.0728225587752849,1.0746356296298352,759
2023-01-06 13:00:00,1.07473113368828,1.0750088900114512,1.0745178342190427,1.0745695498311878,420
2023-01-06 13:15:00,1.073284732338276,1.0738178768871685,1.0726652059870125,1.0733585336314253,824
2023-01-06 13:30:00,1.0724736792726892,1.0729153809304257,1.0714257575217847,1.0727066975236232,532
2023-01-06 13:45:00,1.071956744661306,1.0729016411520584,1.0711595234654314,1.0727540961949396,208
2023-01-06 14:00:00,1.0721504828829405,1.0726383912426127,1.0715542093357746,1.0718936828296557,740
2023-01-06 14:15:00,1.0712427768655948,1.071968354507397,1.070836575691126,1.0715091272854258,621
2023-01-06 14:30:00,1.071930461676785,1.0731382787828634,1.071905947006366,1.0725154200946403,146
2023-01-06 14:45:00,1.0705023971184762,1.0719659952806169,1.0704222170779538,1.071938528225117,478
2023-01-06 15:00:00,1.072760462884657,1.073129010264557,1.0725950372323492,1.0727742203371824,926
2023-01-06 15:15:00,1.0725306392808596,1.0731598917361973,1.0709190127634591,1.0716445134825248,195
2023-01-06 15:30:00,1.073004947267714,1.073113455792926,1.0717346091398712,1.07217431766044,202
2023-01-06 15:45:00,1.0733873381528047,1.0737701276753258,1.0728486501143124,1.0736158862810978,991
2023-01-06 16:00:00,1.0708431357507897,1.0723576000241435,1.07015488752578,1.0711442417809707,953
2023-01-06 16:15:00,1.0705817336535375,1.0707982135662177,1.0701907804554935,1.0703473465255,245
2023-01-06 16:30:00,1.0704252259330866,1.0716132274030579,1.070081693035157,1.0709244186526807,979
2023-01-06 16:45:00,1.0708722692165473,1.0711546562186327,1.0699881028369984,1.0707213732666376,126
2023-01-06 17:00:00,1.0714755592792014,1.071986250926916,1.070536729015252,1.071092519140009,831
2023-01-06 17:15:00,1.0711020005652352,1.0721462219516702,1.0704706211639399,1.070488533953293,629
2023-01-06 17:30:00,1.0705250467025262,1.071368115396885,1.0702593194268466,1.0705751237407661,778
2023-01-06 17:45:00,1.0703176096302855,1.0713594086979434,1.0695336799176027,1.070419446505374,181
2023-01-06 18:00:00,1.0711482372736556,1.0725227111547198,1.070974882284853,1.0715872285670338,527
2023-01-06 18:15:00,1.071428209233315,1.0720364564990204,1.0701724309575227,1.0718416494103349,683
2023-01-06 18:30:00,1.0720660126264596,1.0726133984383484,1.0711459737542068,1.0721792520724103,921
2023-01-06 18:45:00,1.0719510578596958,1.072218372402757,1.071751234800763,1.0717673751062877,578
2023-01-06 19:00:00,1.0717365611953318,1.0730544350648403,1.0709594974146777,1.071279768882215,865
2023-01-06 19:15:00,1.0704456212190554,1.0708488984476943,1.0703840821182273,1.0708472106943956,261
2023-01-06 19:30:00,1.0719880071212535,1.072151917707675,1.0711850988105158,1.0712416628367738,938
2023-01-06 19:45:00,1.0706851165554323,1.0712828134257224,1.0700355083737094,1.0708206783559535,501
2023-01-06 20:00:00,1.0710997695656757,1.0716174011889963,1.0709833761942056,1.07111045321285,607
2023-01-06 20:15:00,1.0728122481719216,1.0732286975921972,1.0724338661834136,1.0731858540114956,137
2023-01-06 20:30:00,1.0728448585847907,1.074519691027957,1.0717498977323014,1.0740569787149272,610
2023-01-06 20:45:00,1.07417297788094,1.0743006697587771,1.0731336590725025,1.0737309551827594,492
2023-01-06 21:00:00,1.0753005910534694,1.075748264214651,1.0744529761950021,1.0749321691049232,812
2023-01-06 21:15:00,1.0743834299533426,1.0747281441514818,1.074357599464917,1.0745240937319016,593
2023-01-06 21:30:00,1.0725194645553364,1.0730173722527316,1.072371431852621,1.072485969196724,299
2023-01-06 21:45:00,1.0717358524946585,1.0720614206155703,1.0709407238794486,1.0714778828858065,354
2023-01-06 22:00:00,1.0688258180363372,1.0700363165231088,1.0687136482079482,1.0696070909647806,278
2023-01-06 22:15:00,1.0689910511420662,1.069372887765718,1.0685390423646854,1.0692555774807393,646
2023-01-06 22:30:00,1.0696711281997398,1.0696902471972198,1.069125254759492,1.0692739958599289,693
2023-01-06 22:45:00,1.0703232884606195,1.071674728879521,1.0696672965913325,1.0709504331722042,488
2023-01-06 23:00:00,1.0714241395120516,1.0715739778360551,1.071116967683002,1.0712773605459682,497
2023-01-06 23:15:00,1.0703799691148477,1.0710833623256804,1.0702829431430447,1.0710582600171594,831
2023-01-06 23:30:00,1.0721208805895597,1.0734312771350747,1.0712526350539868,1.071887665598343,257
2023-01-06 23:45:00,1.0696587095481862,1.070232513802222,1.0695152316210355,1.069676530289335,103
2023-01-07 00:00:00,1.0691045789394908,1.0706442334668198,1.0686886014807435,1.0699121448474436,266
2023-01-07 00:15:00,1.0712653797185592,1.0717638091052921,1.0703638686780663,1.0706830100413305,567
2023-01-07 00:30:00,1.0688371280071516,1.0693447419977957,1.0684294401929935,1.0692044237955507,508
2023-01-07 00:45:00,1.0699430516202504,1.0712274880808552,1.0694099341543009,1.0703481778387576,511
2023-01-07 01:00:00,1.0707869588448675,1.0709730115811709,1.0696242885447436,1.070686674246252,303
2023-01-07 01:15:00,1.0708457050070654,1.0710402846048994,1.069605716801357,1.0702713863323512,293
2023-01-07 01:30:00,1.0703962572889683,1.0709307285249663,1.069436073537896,1.0709041681984575,334
2023-01-07 01:45:00,1.073205700981186,1.0738174854223952,1.072563413546484,1.073174861056262,817
2023-01-07 02:00:00,1.0735711355614859,1.0741193701783913,1.073321100436365,1.0733567273113205,249
2023-01-07 02:15:00,1.0739515007012523,1.0742643393450004,1.0729581940850188,1.0736049478976208,258
2023-01-07 02:30:00,1.0732338077757193,1.0738934313730186,1.072797739559482,1.0731455869980806,378
2023-01-07 02:45:00,1.072112228709074,1.0723972329473135,1.0716531652173658,1.0722957426286157,915
2023-01-07 03:00:00,1.0727122833348355,1.0735260977273589,1.0720924913316148,1.07312607844516,503
2023-01-07 03:15:00,1.0723130665607743,1.072344828848082,1.0720718797802002,1.072269994619251,992
2023-01-07 03:30:00,1.0718054913504778,1.0729602799238127,1.0712713016836308,1.0723415608564706,777
2023-01-07 03:45:00,1.0704032281679583,1.0720925542372488,1.070101167723164,1.0718639034097055,410
2023-01-07 04:00:00,1.0725611631375307,1.0725825748281865,1.0711910638593993,1.0723428832354518,167
2023-01-07 04:15:00,1.0731285127612817,1.073157524128686,1.0719368232291688,1.0726765453407388,562
2023-01-07 04:30:00,1.0725326190672257,1.0741383007260994,1.0719030024473324,1.0737140852849967,187
2023-01-07 04:45:00,1.072699203533787,1.0743275135531343,1.0721259830985865,1.073204068886142,316
2023-01-07 05:00:00,1.0732437710813512,1.0735471212287337,1.0724475045318351,1.0729341939508485,100
2023-01-07 05:15:00,1.072984177969922,1.0730898198160619,1.0714518635668298,1.0719554302350662,234
2023-01-07 05:30:00,1.0715215338288278,1.0721215733070413,1.071343064493477,1.0715111369749901,796
2023-01-07 05:45:00,1.0715244359974203,1.072134388691788,1.0714106978674436,1.0718884374680349,450
2023-01-07 06:00:00,1.0725539778641278,1.0735837024377013,1.0721420101206418,1.0726454260846803,239
2023-01-07 06:15:00,1.0724106989700768,1.0727205546930598,1.071363706034778,1.0717232607605027,717
2023-01-07 06:30:00,1.072269884591046,1.0729105478750212,1.071244978543153,1.0725928666806084,232
2023-01-07 06:45:00,1.073548908536088,1.0745433378689584,1.0735485671266094,1.0739485045394133,719
2023-01-07 07:00:00,1.074120567681546,1.0746741121374934,1.0737295026807803,1.074361939442637,277
2023-01-07 07:15:00,1.0757620709510656,1.076330997934023,1.0753666212602317,1.076238735255195,909
2023-01-07 07:30:00,1.0755262812140889,1.075828653546358,1.0750750195829806,1.0754649460560914,457
2023-01-07 07:45:00,1.0750326305820148,1.0761354136105643,1.0736792989481552,1.07422029135278,479
2023-01-07 08:00:00,1.0726031107404337,1.0730516438388773,1.0717667829981,1.0724415711038757,970
2023-01-07 08:15:00,1.0738114386643018,1.0745750529360043,1.0736038317803491,1.073937615415365,757
2023-01-07 08:30:00,1.0744460754372613,1.0749177420673888,1.0744290617317251,1.074591981071719,549
2023-01-07 08:45:00,1.0737548009964601,1.075105239236021,1.0736991146955401,1.0745363964008086,685
2023-01-07 09:00:00,1.075257919915702,1.0753586656826757,1.0747268183846201,1.0748163650271283,562
2023-01-07 09:15:00,1.0736519573813237,1.0736941366374448,1.0734540474907757,1.07369087597983,207
2023-01-07 09:30:00,1.0760463880026516,1.0764360251542278,1.0756999601247428,1.0761366279594469,221
2023-01-07 09:45:00,1.0778624029253445,1.0781965731697036,1.0758985303686923,1.076265849141422,116
2023-01-07 10:00:00,1.07652462039021,1.0768917072895992,1.0758823420316932,1.076375243936027,295
2023-01-07 10:15:00,1.076725115034878,1.0771420083381325,1.0765830374859136,1.0771010105599257,426
2023-01-07 10:30:00,1.0773688409935596,1.07781065999397,1.076771459562621,1.0775820197916623,417
2023-01-07 10:45:00,1.07838012667054,1.0791080378316134,1.0773585802221546,1.0778059038159415,908
2023-01-07 11:00:00,1.077072064565765,1.0774243178356773,1.0763289996347556,1.077015429360496,578
2023-01-07 11:15:00,1.0767677587284734,1.0778814260613199,1.0765920187782974,1.0774868977176322,351
2023-01-07 11:30:00,1.079828536681395,1.0798704499953595,1.0783798095894197,1.0793689222141072,602
2023-01-07 11:45:00,1.0803802702174925,1.0814195718328639,1.0803568027664623,1.080714342260262,218
2023-01-07 12:00:00,1.0832441777750104,1.0834490591729902,1.0813586453785284,1.0823075288869015,773
2023-01-07 12:15:00,1.0823363372433277,1.0827668811984144,1.081322366851836,1.0817963132104704,809
2023-01-07 12:30:00,1.0805830474423823,1.0815083933752743,1.0801658859196366,1.0808067083902118,597
2023-01-07 12:45:00,1.0813214296509797,1.0816703812872492,1.0802989065793256,1.080680921470112,585
2023-01-07 13:00:00,1.0807705741376645,1.0809920961482287,1.0799652456247961,1.0807366463824009,144
2023-01-07 13:15:00,1.082257224738433,1.0824969712221326,1.0815144603859292,1.0818308379008719,413
2023-01-07 13:30:00,1.0803807396798042,1.0805290274523747,1.079840152702366,1.080138373271157,278
2023-01-07 13:45:00,1.0812447452631222,1.0818995159882514,1.0809276023392775,1.0816679235906177,993
2023-01-07 14:00:00,1.0811881407758799,1.0816085618248543,1.0810701557822744,1.0815099156920387,517
2023-01-07 14:15:00,1.0815980150308817,1.081753669367603,1.0807109417669336,1.0810830346220912,655
2023-01-07 14:30:00,1.0799035425807777,1.0809209089341192,1.0796927695390095,1.080070930246831,882
2023-01-07 14:45:00,1.0782142493433442,1.0789518451510827,1.0780808401451965,1.0784160735749653,177
2023-01-07 15:00:00,1.0787616828692526,1.0793345619545596,1.0785921217296175,1.0792392441589271,425
2023-01-07 15:15:00,1.0795243616589123,1.079995016949296,1.079127531568481,1.0793125621261155,789
2023-01-07 15:30:00,1.079053863685996,1.07957012563776,1.0779607348863247,1.0780226012263745,456
2023-01-07 15:45:00,1.0761937559971837,1.0769264859792844,1.0759648531922208,1.076727522454311,515
2023-01-07 16:00:00,1.076403847483357,1.0773085006582237,1.0761432717424617,1.0763917377550207,614
2023-01-07 16:15:00,1.078766869558018,1.078875892505714,1.0779694747931203,1.0780607592803102,313
2023-01-07 16:30:00,1.0777613472333236,1.0782249848932561,1.0772663683370476,1.0778011679289465,953
2023-01-07 16:45:00,1.0765242108739534,1.07685025531825,1.0762805211708253,1.0762980249758285,173
2023-01-07 17:00:00,1.075521085147669,1.0765970984304138,1.0751155847158547,1.0760522819117426,662
2023-01-07 17:15:00,1.0759937118905987,1.0763860928446625,1.075222535116914,1.075779558341995,678
2023-01-07 17:30:00,1.072989099566551,1.0732679257483484,1.0728597689926234,1.0730826716990534,608
2023-01-07 17:45:00,1.0735212418303755,1.0742240253399649,1.0729220069446066,1.0730283768325355,431
2023-01-07 18:00:00,1.0733911353281091,1.073398944495084,1.0724060054348525,1.0727974423023268,192
2023-01-07 18:15:00,1.0747884304881496,1.075239569075043,1.0732780858823527,1.0734936486671403,787
2023-01-07 18:30:00,1.0756324213486923,1.0760862994387657,1.075138578338667,1.0753426047620855,756
2023-01-07 18:45:00,1.0766320679499244,1.0773917099117454,1.0761937710054965,1.0764691697916333,618
2023-01-07 19:00:00,1.076297473251867,1.0765528692961308,1.0759778941971627,1.0762002811010785,368
2023-01-07 19:15:00,1.0749171720459314,1.0756090454851488,1.0745043452045304,1.0750937551923367,475
2023-01-07 19:30:00,1.0778363569173177,1.0781652741942438,1.077592433254451,1.0776671149955868,933
2023-01-07 19:45:00,1.0775786327245318,1.0781535960431345,1.0773965625765045,1.0777263334296012,103
2023-01-07 20:00:00,1.0778244932096488,1.0783704601598465,1.07773667348806,1.077740262721514,237
2023-01-07 20:15:00,1.0783749364022082,1.0788200601526263,1.0766728988052188,1.0777161376344042,330
2023-01-07 20:30:00,1.077410951112532,1.0780001420650687,1.0773307063005453,1.0779142223951719,699
2023-01-07 20:45:00,1.0783398012638126,1.078616426873805,1.0766635964635494,1.077769861983248,628
2023-01-07 21:00:00,1.0778547575100377,1.07844255481285,1.0770161803419893,1.0771961999763677,151
2023-01-07 21:15:00,1.0765903067716318,1.0770968759562658,1.0762262682227042,1.0766493410351274,745
2023-01-07 21:30:00,1.075555660315407,1.0769152018740382,1.0753689860355513,1.0766165877649114,822
2023-01-07 21:45:00,1.0757692520002304,1.0765473369958898,1.0756130628949971,1.0760731629937776,424
2023-01-07 22:00:00,1.076008814484381,1.0762404176304305,1.074763949628392,1.0753603172111004,830
2023-01-07 22:15:00,1.075455313407643,1.0761503163420225,1.0748263793296886,1.0754667474387924,816
2023-01-07 22:30:00,1.074712119105224,1.0756358573277047,1.0743464289789366,1.0752117702213715,822
2023-01-07 22:45:00,1.07646337574934,1.0773320248673384,1.0761681647187142,1.0767157632099542,376
2023-01-07 23:00:00,1.0744851034148135,1.0747612533836532,1.073993720133091,1.0740647934015612,635
2023-01-07 23:15:00,1.0754296670375842,1.0757424825044073,1.0749869565945227,1.0751563002534836,585
2023-01-07 23:30:00,1.0762829193963963,1.076750771355196,1.0757681906555971,1.0764023854459812,615
2023-01-07 23:45:00,1.0741455830076656,1.0746200084971154,1.0737094253176513,1.074328995213573,251
2023-01-08 00:00:00,1.0737904285449709,1.0741165287511596,1.073218918888934,1.0739863076194929,582
2023-01-08 00:15:00,1.0731536616612478,1.0738842876815935,1.0727435825678702,1.073614866753497,358
2023-01-08 00:30:00,1.073015042903514,1.073519320245552,1.0721750107562629,1.0722073550587792,423
2023-01-08 00:45:00,1.0712683781365826,1.0724108512170245,1.0712319410875748,1.0714295383711883,968
2023-01-08 01:00:00,1.0709275417861353,1.071102366809785,1.0702823640302217,1.0703189625257226,267
2023-01-08 01:15:00,1.0728318909951071,1.073614292380788,1.071996111474747,1.072071232969146,787
2023-01-08 01:30:00,1.0735060668113676,1.0735537389110883,1.07241105761374,1.0730069113622935,409
2023-01-08 01:45:00,1.0740626563009288,1.074410190565329,1.074020797321004,1.0742784664572878,902
2023-01-08 02:00:00,1.0752020035664993,1.0755415749542183,1.0744403654571395,1.075000138521331,578
2023-01-08 02:15:00,1.0738589889469183,1.0740221094998588,1.0736622240189335,1.0738710867501138,155
2023-01-08 02:30:00,1.072894715553469,1.0735112903770074,1.0728053681950638,1.073346566483834,719
2023-01-08 02:45:00,1.0739981206859226,1.0743640560380667,1.0732213336529133,1.0738359410450617,572
2023-01-08 03:00:00,1.0720242933405901,1.072781342250712,1.0717227459981158,1.07261381323617,395
2023-01-08 03:15:00,1.0739206513605732,1.0740787293391647,1.072901544026969,1.0733268116663424,560
2023-01-08 03:30:00,1.072854177619535,1.0733211200630883,1.0716115826611956,1.0730864862681841,423
2023-01-08 03:45:00,1.0728122452885709,1.0735800313501744,1.0725792778051455,1.0727116654606346,913
2023-01-08 04:00:00,1.0735642693646112,1.0739426637046048,1.0727849300598387,1.0734226254288382,945
2023-01-08 04:15:00,1.073737436253472,1.0741731231373308,1.0736615790366832,1.073866888740324,240
2023-01-08 04:30:00,1.0737992694752425,1.0743076110395307,1.0732392429521522,1.073505922574505,766
2023-01-08 04:45:00,1.074427800549558,1.0747872926147064,1.0740080662972988,1.0746652523778693,361
2023-01-08 05:00:00,1.074019837698998,1.0740394913428117,1.072975091694392,1.0735841890502693,884
2023-01-08 05:15:00,1.0735271348170903,1.0742673730494146,1.0729984506644012,1.0742001246572137,519
2023-01-08 05:30:00,1.0748564157049552,1.0750233456882394,1.0743571274151456,1.074793225915182,843
2023-01-08 05:45:00,1.0754531439753972,1.0761688273663128,1.074326136110271,1.074483679475868,340
2023-01-08 06:00:00,1.0743096468358073,1.0753506958619465,1.0740237738148293,1.07480981249811,454
2023-01-08 06:15:00,1.0732198264364623,1.0742148085184404,1.0730535226813003,1.0735586989217247,948
2023-01-08 06:30:00,1.0747396798657611,1.075050714860914,1.0740161619047612,1.0744827259409317,869
2023-01-08 06:45:00,1.0743876146954585,1.0750520813552262,1.0741864634541003,1.0742978238044887,860
2023-01-08 07:00:00,1.0739504158336066,1.0741438200939513,1.0732425148011127,1.0737751007839698,688
2023-01-08 07:15:00,1.0750687035748805,1.0756141937874735,1.0740978016370635,1.0748241100098066,279
2023-01-08 07:30:00,1.0744371270535447,1.075443262276395,1.0736616058597273,1.0741197663192639,165
2023-01-08 07:45:00,1.0732661549438784,1.073778009716932,1.072292844671002,1.0727113050229002,919
2023-01-08 08:00:00,1.0713595851778406,1.0714842394756614,1.0710844883199238,1.0711546758493764,447
2023-01-08 08:15:00,1.0716400569734128,1.0722832300377645,1.0714862506393181,1.071760685800722,270
2023-01-08 08:30:00,1.070816543298827,1.0708889872153755,1.0702179729413421,1.0704802564482256,573
2023-01-08 08:45:00,1.0731849915976577,1.0731969431193003,1.0715589492907764,1.07223505063021,633
2023-01-08 09:00:00,1.070086804349135,1.0703288283401833,1.0698747709183758,1.0701531212223263,466
2023-01-08 09:15:00,1.0713623129382812,1.0726312842700325,1.0713425894141608,1.0718495775906165,206
2023-01-08 09:30:00,1.0726141353924625,1.0730233497254336,1.0713426402958848,1.072060595057819,538
2023-01-08 09:45:00,1.071903691363972,1.0727300658082877,1.071245783455758,1.0719638819459487,934
2023-01-08 10:00:00,1.0703326280861327,1.07166889492101,1.070192123460992,1.0714189628591397,326
2023-01-08 10:15:00,1.072241809812067,1.072941462899468,1.0707518011604145,1.0718180989734918,543
2023-01-08 10:30:00,1.0715128001780898,1.0719642889175627,1.0710064814732678,1.0717804642710669,541
2023-01-08 10:45:00,1.0728384995119313,1.0739337794069093,1.0727594225897452,1.0728837661530835,495
2023-01-08 11:00:00,1.07316398396703,1.0734767379754455,1.0713764473169483,1.0729979938017455,827
2023-01-08 11:15:00,1.0732435454030969,1.0736861611445914,1.071994337437899,1.0731482955632072,680
2023-01-08 11:30:00,1.073139409259563,1.073435587237389,1.0726939588163698,1.0727846833509935,183
2023-01-08 11:45:00,1.0725099945419874,1.0727895115752502,1.0724568260407217,1.0727277377272724,714
2023-01-08 12:00:00,1.0732920923952525,1.0742691711121277,1.0725377487391634,1.0730355394961644,650
2023-01-08 12:15:00,1.0711955977647158,1.0715782444556388,1.0703440114597569,1.0713253711035078,112
2023-01-08 12:30:00,1.070346590921846,1.0708760447153742,1.0691581711526843,1.0699771856814022,908
2023-01-08 12:45:00,1.0710281335174314,1.0717689652186628,1.0698272620427474,1.0707204497754248,924
2023-01-08 13:00:00,1.0704235958625306,1.0718726088088182,1.0701125784597534,1.0708913152135529,792
2023-01-08 13:15:00,1.0712503229352874,1.0712521707712113,1.0704159630856132,1.0707073318772,592
2023-01-08 13:30:00,1.0704577840877085,1.0712314973279697,1.0702093472924548,1.0707257658102656,367
2023-01-08 13:45:00,1.0714773764147676,1.072148114372533,1.0705384617881353,1.071073347515627,624
2023-01-08 14:00:00,1.0707172314920184,1.0710884736082875,1.069933739071135,1.0705335878353177,219
2023-01-08 14:15:00,1.0706743749483132,1.0709170278659972,1.068597211178431,1.0697552831099155,452
2023-01-08 14:30:00,1.0698393953738272,1.0705665656215906,1.069410388276176,1.0699511283650132,156
2023-01-08 14:45:00,1.0687980971893392,1.0698152627267525,1.0683839990528565,1.0689727555873982,139
2023-01-08 15:00:00,1.0693712985401687,1.0696624487731998,1.0683620546079744,1.0693810083431126,985
2023-01-08 15:15:00,1.0675268348474578,1.068118331915626,1.067454302974478,1.0676784247388749,435
2023-01-08 15:30:00,1.0691075513271715,1.0701010818830212,1.0683109925320913,1.0687075803762005,739
2023-01-08 15:45:00,1.0683720225543951,1.0694456633075193,1.0683109939883344,1.0691801778586134,272
2023-01-08 16:00:00,1.0689093663833542,1.0696037764835131,1.068680442190263,1.0694362075929273,646
2023-01-08 16:15:00,1.069884997116083,1.0705900674941176,1.06980531600001,1.0704188985768728,358
2023-01-08 16:30:00,1.0725595268173223,1.0733366070276797,1.071899081640135,1.0720843730213354,987
2023-01-08 16:45:00,1.0739540497726445,1.0743810377609206,1.0724247195303835,1.0730987430863537,616
2023-01-08 17:00:00,1.0712056442457532,1.0714653016052027,1.0708483039072578,1.0712578688550218,829
2023-01-08 17:15:00,1.0698938810266914,1.0702099361533453,1.0696332410741844,1.0699782918882863,622
2023-01-08 17:30:00,1.0693884993921472,1.069410256726469,1.0691926340399023,1.0693534733105905,993
2023-01-08 17:45:00,1.0699605035121054,1.0702395732693646,1.0692955344578179,1.0693795643608013,938
2023-01-08 18:00:00,1.0694335468141751,1.0711620034201177,1.0689359725732483,1.0698972233812705,216
2023-01-08 18:15:00,1.0692906640594846,1.0694389677890195,1.0690807279870493,1.069171479568117,283
2023-01-08 18:30:00,1.0698458451474853,1.0699665061149437,1.0682697138093726,1.0693582463325941,973
2023-01-08 18:45:00,1.0688534104852105,1.0694289175270204,1.068513625068298,1.0686028634002407,215
2023-01-08 19:00:00,1.0680861364055483,1.068279298064454,1.0672769167433422,1.067991345597249,261
2023-01-08 19:15:00,1.0670852075466841,1.0671874431571773,1.0658476184343795,1.0665846845004006,678
2023-01-08 19:30:00,1.06430983510779,1.0665391891034475,1.064016871271131,1.0656614512542897,811
2023-01-08 19:45:00,1.064648704308439,1.0654352141710464,1.0641452132593183,1.0643097666486734,642
2023-01-08 20:00:00,1.0630068555541323,1.063566796180255,1.0623804342369185,1.063333893395696,686
2023-01-08 20:15:00,1.0634722187438757,1.0644629540480872,1.0632481064357255,1.0643875351923038,336
2023-01-08 20:30:00,1.0636937376032345,1.0637307113860386,1.063092011138839,1.063438136303472,938
2023-01-08 20:45:00,1.0667573476408907,1.0669831773789704,1.0650860567971012,1.0660705183683092,165
2023-01-08 21:00:00,1.0664951120118764,1.0666613487612044,1.0664433929472223,1.0665638362691903,169
2023-01-08 21:15:00,1.0672251096664866,1.0676042507009305,1.0657276343728133,1.0667486723928852,908
2023-01-08 21:30:00,1.0666964537416983,1.067261761409167,1.0657516353817216,1.065890314612704,546
2023-01-08 21:45:00,1.067248081718905,1.067559437330855,1.066579485002521,1.0665906244921128,515
2023-01-08 22:00:00,1.0668349689305607,1.0671497337226716,1.0658539455104916,1.066014986665875,631
2023-01-08 22:15:00,1.0665080602260564,1.0669102181058863,1.0661314504785462,1.0661369964805205,540
2023-01-08 22:30:00,1.06873479783824,1.0691824755536212,1.0682905738326591,1.0686970810187892,837
2023-01-08 22:45:00,1.067800038213116,1.0689168099836472,1.0673883982552772,1.0686010211190646,563
2023-01-08 23:00:00,1.0696272632012853,1.0698768770643694,1.0695143824397295,1.0697502944453503,495
2023-01-08 23:15:00,1.0686254947225662,1.0694572900265307,1.0686166880965993,1.0690471180202243,810
2023-01-08 23:30:00,1.0700976008884764,1.0701144071708282,1.0685244465160884,1.0690121295297275,650
2023-01-08 23:45:00,1.0706949872591467,1.0710103006214333,1.0700432332931793,1.0707829301653629,756
2023-01-09 00:00:00,1.0702175655109674,1.0704757803329112,1.0698236117349087,1.0701559631075752,656
2023-01-09 00:15:00,1.0722441543535923,1.0723423876453064,1.0716919512468885,1.071968411665572,494
2023-01-09 00:30:00,1.0726979648242139,1.072800894539654,1.0721752511741867,1.0726761636010276,425
2023-01-09 00:45:00,1.0729612223453486,1.0733345115186188,1.0718649114059406,1.0721136968251332,992
2023-01-09 01:00:00,1.0724347798833216,1.0728344916457466,1.072043778137066,1.0727461045641888,190
2023-01-09 01:15:00,1.073815962741434,1.074590271890866,1.0733388074550754,1.0737186590138155,849
2023-01-09 01:30:00,1.0739692336831836,1.0745860458496037,1.0730836994066395,1.0743404689760327,169
2023-01-09 01:45:00,1.0721102330005319,1.072912682002827,1.0718744618103229,1.0727702442561422,265
2023-01-09 02:00:00,1.0717372225348647,1.072171196956565,1.0708216500956955,1.0720431070803174,741
2023-01-09 02:15:00,1.0717770700462417,1.0719163371677012,1.0711628481306088,1.0717955884447659,313
2023-01-09 02:30:00,1.071506503903407,1.0717520371155957,1.0704687098988679,1.0717211550156658,951
2023-01-09 02:45:00,1.0719956166232796,1.0725815478722596,1.0719525817768842,1.0723418271132166,700
2023-01-09 03:00:00,1.0718163693823137,1.072956786651216,1.0717412091521779,1.0725195281141497,434
2023-01-09 03:15:00,1.0711426309691252,1.0715090663688638,1.070979282862532,1.0711841837554397,863
2023-01-09 03:30:00,1.0708120214194303,1.0721659820341403,1.070290732572095,1.0715643816064457,468
2023-01-09 03:45:00,1.0725549953335745,1.073076017539696,1.0715888504750113,1.0721749673517296,960
2023-01-09 04:00:00,1.0727759776761279,1.0730195791367254,1.0725025728678874,1.0727347577996607,683
2023-01-09 04:15:00,1.0730867627754828,1.0739914991841235,1.0728114868096286,1.0738155385252153,776
2023-01-09 04:30:00,1.074494856141239,1.0750344587128629,1.074336676980471,1.074649460679764,148
2023-01-09 04:45:00,1.0747325625561972,1.0757566990911174,1.074289938213135,1.0751086407589925,151
2023-01-09 05:00:00,1.0751980623027435,1.0754261227164805,1.0749479436761484,1.075038475047534,388
2023-01-09 05:15:00,1.0740477393370294,1.0741384526470863,1.0727258750953599,1.0733775141140178,889
2023-01-09 05:30:00,1.0728695460983275,1.0741046470660682,1.0725764631981312,1.0738071323331504,725
2023-01-09 05:45:00,1.0740723330598874,1.0743510445864415,1.0738086131112055,1.0740148200203137,338
2023-01-09 06:00:00,1.0742063324597255,1.0744928977685806,1.0740777329745474,1.0742863988575089,232
2023-01-09 06:15:00,1.073345320319914,1.0738086694743376,1.0728893176944234,1.0730096502816886,885
2023-01-09 06:30:00,1.0720351920553992,1.0720509116405865,1.071924653648933,1.0719285937412804,265
2023-01-09 06:45:00,1.072605761928744,1.0734059609117086,1.0724429564026696,1.0729817465946132,473
2023-01-09 07:00:00,1.0727826644729233,1.0732287553473772,1.0727004968699805,1.0729421914407566,472
2023-01-09 07:15:00,1.0732256792097274,1.0745166253840963,1.0731196325331904,1.0736236921381292,904
2023-01-09 07:30:00,1.074190014083559,1.0743698289197852,1.0731553311644688,1.0736520105142597,577
2023-01-09 07:45:00,1.0736924224780915,1.0738429761476873,1.0731738272402604,1.0736817666537555,854
2023-01-09 08:00:00,1.075570645802608,1.0756625630607692,1.0739257791828158,1.0746200504597314,578
2023-01-09 08:15:00,1.0740736753246067,1.0754505225635043,1.073273539772355,1.074104005731514,931
2023-01-09 08:30:00,1.073845923125,1.074375026520739,1.0732372817788898,1.074200126508455,749
2023-01-09 08:45:00,1.0729809940234436,1.074239878518171,1.0729012627700416,1.07373785121975,690
2023-01-09 09:00:00,1.0724017851541896,1.0733510871158622,1.0719553913964437,1.0733033549923177,781
2023-01-09 09:15:00,1.0722021148973462,1.0738823060355822,1.0719453076652306,1.072994182868849,734
2023-01-09 09:30:00,1.0733498799659884,1.073390179840637,1.0731989597661065,1.0732163166404827,787
2023-01-09 09:45:00,1.0729919305304343,1.0734084585589347,1.0717533159121004,1.0727375680188194,399
2023-01-09 10:00:00,1.0732027287933767,1.074451019282173,1.0728752410012659,1.0739933241443929,181
2023-01-09 10:15:00,1.0735462359992114,1.0738210061365092,1.0726933175193774,1.0730987168421733,186
2023-01-09 10:30:00,1.0726703146721703,1.0729702281559097,1.0721733833347529,1.072911845198012,324
2023-01-09 10:45:00,1.0725455106457304,1.0728632895664327,1.0722620183682903,1.0724721141397378,115
2023-01-09 11:00:00,1.0747252023382192,1.075594628014146,1.0734908429053869,1.0739190920240915,921
2023-01-09 11:15:00,1.0745640664585359,1.0747246878415948,1.074066811612229,1.074115646800603,457
2023-01-09 11:30:00,1.075013226016119,1.0760637698618114,1.0743809768126416,1.0751474913400718,262
2023-01-09 11:45:00,1.073216334854327,1.0740690068480938,1.0723197816280599,1.0736619309670348,709
2023-01-09 12:00:00,1.0728530735322395,1.0741700145965718,1.072661664937433,1.073928981232904,767
2023-01-09 12:15:00,1.0744590353689063,1.0750029786021862,1.074397170895769,1.0748186120285275,613
2023-01-09 12:30:00,1.0747953308983889,1.075097794666911,1.0745964910515815,1.0749008960178028,449
2023-01-09 12:45:00,1.0754727866292926,1.076930212682541,1.0748807713501813,1.0759663763928682,780
2023-01-09 13:00:00,1.0753834594592218,1.0755885296398433,1.0751835099281561,1.0754490879427678,563
2023-01-09 13:15:00,1.0768968613244327,1.0773194403100248,1.076723788006663,1.0768584353829533,926
2023-01-09 13:30:00,1.0790449055156688,1.0791817820983098,1.0790224590006074,1.0791573335065727,936
2023-01-09 13:45:00,1.0784694936557213,1.0794970898695349,1.0783782431404216,1.078794494946133,474
2023-01-09 14:00:00,1.0784333197607157,1.0784595219860045,1.0780139348245052,1.0783489924247323,191
2023-01-09 14:15:00,1.0800233472266345,1.0808753999847622,1.0792165179444917,1.0798023769018499,280
2023-01-09 14:30:00,1.0808367495088593,1.082005394905348,1.0802486628405819,1.0813819490475807,842
2023-01-09 14:45:00,1.0815645552103006,1.0815955572149836,1.0806153088718842,1.0808590890204275,400
2023-01-09 15:00:00,1.0803896081371895,1.0809146268418606,1.0797986625907097,1.0804389022033316,759
2023-01-09 15:15:00,1.0801665424059435,1.0803497959161275,1.0799166635480966,1.080157117594471,891
2023-01-09 15:30:00,1.079166774295065,1.0800187100884784,1.0787114049699045,1.0788126670834368,288
2023-01-09 15:45:00,1.0780106232025843,1.078472856196649,1.077629866613621,1.0778940151369525,958
2023-01-09 16:00:00,1.077366442687157,1.0781478870714112,1.0763718305446772,1.0768898743702005,961
2023-01-09 16:15:00,1.0762656388876972,1.0764026354286118,1.0754105893424655,1.0761220768050963,413
2023-01-09 16:30:00,1.0757811732303895,1.0762090839073972,1.0752961111001997,1.0760873919177096,592
2023-01-09 16:45:00,1.0765023584128492,1.0766522775109866,1.0761228277675003,1.0763216066502461,227
2023-01-09 17:00:00,1.0773002440393997,1.0788241754378467,1.0766814171606438,1.0778721071430601,618
2023-01-09 17:15:00,1.0769280329552096,1.0777410124128906,1.0766838692843008,1.0768737531023214,525
2023-01-09 17:30:00,1.0778414605054758,1.078967465617522,1.0773574376262207,1.077858075500798,658
2023-01-09 17:45:00,1.0775400282279362,1.0777236092617724,1.0773848743752437,1.0776440866565724,664
2023-01-09 18:00:00,1.0775303541912005,1.0777424351912936,1.0772231926191522,1.07759462294692,286
2023-01-09 18:15:00,1.0773285179163379,1.079027763713797,1.0769736234202212,1.0782694424390866,649
2023-01-09 18:30:00,1.0768723579636537,1.0778851876305833,1.0763829131843752,1.0771467204175242,552
2023-01-09 18:45:00,1.077575552614279,1.078159442389913,1.0768432585990766,1.0775291301637084,570
2023-01-09 19:00:00,1.07777551056792,1.0778838983498014,1.0768911919440542,1.0776955823719214,837
2023-01-09 19:15:00,1.0776741960654665,1.078736684899746,1.0772600812203743,1.0781880336359295,664
2023-01-09 19:30:00,1.0791100562002698,1.0794044896136392,1.0779317714445356,1.0784772022798375,323
2023-01-09 19:45:00,1.080499414995641,1.081351133635273,1.0802679452396284,1.0809325024197483,253
2023-01-09 20:00:00,1.0807794910357604,1.0810834286660984,1.0802197920759575,1.080294762435497,659
2023-01-09 20:15:00,1.079977362661431,1.0802469240130055,1.079047189573233,1.0797637654804952,450
2023-01-09 20:30:00,1.0788175112991485,1.079414759351533,1.078555180095615,1.0791406249540705,246
2023-01-09 20:45:00,1.0794728032812149,1.079889470237105,1.0783383204110886,1.0785851478349102,675
2023-01-09 21:00:00,1.0773509422917253,1.0785001921041348,1.0767029107608346,1.0779477607076036,448
2023-01-09 21:15:00,1.0795963543255163,1.0797066250390233,1.07858319883031,1.0791367772387113,281
2023-01-09 21:30:00,1.0810575726457226,1.0816665522218754,1.0803745285182085,1.080557281486701,736
2023-01-09 21:45:00,1.0796512250884134,1.0802431333752083,1.0795755754782972,1.0799865351929516,278
2023-01-09 22:00:00,1.0798504122698795,1.0802093717152534,1.0784562850187511,1.0791541796198474,138
2023-01-09 22:15:00,1.0795005719189341,1.0797408574888239,1.079204897298055,1.0796255951762337,871
2023-01-09 22:30:00,1.0792177189465928,1.079807581550773,1.0787113769660814,1.0790733721319528,993
2023-01-09 22:45:00,1.079836464869094,1.0799335186845707,1.07960860877412,1.0797063039497083,102
2023-01-09 23:00:00,1.0798420725998241,1.0801748341178632,1.0796160979138683,1.0799092269705595,163
2023-01-09 23:15:00,1.0787988869921423,1.0790408253177364,1.0779988136027026,1.0783934828555624,128
2023-01-09 23:30:00,1.0803377324171686,1.0808888784920867,1.079937465564152,1.0799409880568924,471
2023-01-09 23:45:00,1.080862599743369,1.0820775454852094,1.080754794954085,1.081736865729988,622
2023-01-10 00:00:00,1.0817762471609427,1.0819805508147935,1.0809381480983644,1.0811240770395036,196
2023-01-10 00:15:00,1.0799051294855497,1.080890279715137,1.0795408986747095,1.0807363754795676,969
2023-01-10 00:30:00,1.0815385139724634,1.081957806871687,1.080862478534901,1.0810222408702925,541
2023-01-10 00:45:00,1.0819200502286934,1.0823633906898351,1.0805298890260333,1.0813566976602795,302
2023-01-10 01:00:00,1.0814697587178448,1.0822826506011252,1.0813998151014252,1.0820152419329523,510
2023-01-10 01:15:00,1.0838200393277415,1.0846399367229633,1.083321980220286,1.0840254464717187,120
2023-01-10 01:30:00,1.0832956469099815,1.084167153117739,1.0826005359474047,1.0838484992442246,650
2023-01-10 01:45:00,1.0829427414845418,1.083279395351462,1.082863860764895,1.0830502019996862,834
2023-01-10 02:00:00,1.0815168656295788,1.0827143962809727,1.0809681814700933,1.0816708827716717,201
2023-01-10 02:15:00,1.0813297829978643,1.081622091863193,1.0802014902679637,1.0809399527317296,145
2023-01-10 02:30:00,1.0815619801319156,1.081577509598351,1.0805371400551265,1.0809068257588559,165
2023-01-10 02:45:00,1.0833992255277687,1.0838540672362595,1.082105433955167,1.0827013836223738,702
2023-01-10 03:00:00,1.0819026883100484,1.0826520255107324,1.0814276803957137,1.0821837723233376,263
2023-01-10 03:15:00,1.0823029493381042,1.0827414500532109,1.082181446977077,1.0824075602749765,210
2023-01-10 03:30:00,1.0815494182827932,1.082537233743067,1.0807830680028483,1.0823911373789037,437
2023-01-10 03:45:00,1.0831765956191035,1.0836731951615548,1.0830784552934096,1.0835795306523517,222
2023-01-10 04:00:00,1.0865888888947741,1.0877080045114367,1.0859556130737744,1.0861064630782253,804
2023-01-10 04:15:00,1.0863833857170793,1.0874437357933968,1.0854878261905159,1.0855755943053051,546
2023-01-10 04:30:00,1.0844689804268468,1.0853895874517154,1.0835470836351064,1.0850861548627868,710
2023-01-10 04:45:00,1.0858340836102793,1.0863591590328827,1.0853889246862694,1.0861303157398559,390
2023-01-10 05:00:00,1.0867990043510027,1.0881859596508447,1.0867669654689285,1.0868122072294821,770
2023-01-10 05:15:00,1.0887989951346282,1.089048860222704,1.0883907691004597,1.0886589145552183,511
2023-01-10 05:30:00,1.0888380409805836,1.089505966668803,1.0877399770700336,1.0892428427405443,714
2023-01-10 05:45:00,1.0890955811719891,1.0897897500610934,1.0888024886620173,1.0888835506497572,996
2023-01-10 06:00:00,1.089237285806914,1.0896667163863059,1.0891657614219745,1.0894742054804494,380
2023-01-10 06:15:00,1.0905756829255933,1.0907744035534028,1.090150876931335,1.0905829090610324,142
2023-01-10 06:30:00,1.0916765333662317,1.0917471619362755,1.0910569624501112,1.0914033912422298,585
2023-01-10 06:45:00,1.0919138764082426,1.0929791596481462,1.0916193796139326,1.091910665273337,695
2023-01-10 07:00:00,1.0927591470176627,1.093361443571242,1.0923591767643117,1.0929773399629261,802
2023-01-10 07:15:00,1.094091830651409,1.0942543338061,1.0931378295828473,1.0941466355533718,150
2023-01-10 07:30:00,1.0954846130648068,1.0957829288642467,1.0952880866862762,1.0955287945444094,997
2023-01-10 07:45:00,1.095992498917058,1.098140623285217,1.0954916830044537,1.096177504431999,309
2023-01-10 08:00:00,1.0958809883203486,1.0970524428214314,1.0951842610565865,1.0960103863516821,225
2023-01-10 08:15:00,1.0969564236233678,1.0978187719482484,1.0958018254869666,1.0961571000381154,591
2023-01-10 08:30:00,1.0976440687285947,1.0977877924882948,1.0971489385932232,1.097363609004624,608
2023-01-10 08:45:00,1.096398933174622,1.0966903377858381,1.096209113350429,1.0965466733336366,680
2023-01-10 09:00:00,1.0972638238447647,1.0972865799674154,1.096637287269129,1.0969153466425094,876
2023-01-10 09:15:00,1.096355098085304,1.096734125996881,1.0962900679385272,1.096522007830182,357
2023-01-10 09:30:00,1.0971373149719104,1.0974222314360298,1.095716217890204,1.096550752653117,287
2023-01-10 09:45:00,1.0980140256118234,1.0981787799796099,1.0973579255128283,1.0978292045157243,329
2023-01-10 10:00:00,1.097966652511742,1.0987788904320799,1.0971592631163871,1.0980203035837441,288
2023-01-10 10:15:00,1.0982905985948055,1.0986658881785665,1.0979057260546543,1.0980667401319004,514
2023-01-10 10:30:00,1.0959214459148863,1.096914981193363,1.0952587298603387,1.0967068839909204,109
2023-01-10 10:45:00,1.0968897538224927,1.0980181722264677,1.096186346317744,1.0974531375569476,213
2023-01-10 11:00:00,1.0975016592348892,1.0983236281670867,1.0972087071343068,1.0980986217380888,175
2023-01-10 11:15:00,1.1003333480087762,1.1009619226172076,1.0998934913934204,1.1002618764613943,775
2023-01-10 11:30:00,1.1008203557261835,1.1010880232696916,1.099246464630479,1.099954098226441,601
2023-01-10 11:45:00,1.1012888986272014,1.1014681254363061,1.1000639815328996,1.1001732485541051,184
2023-01-10 12:00:00,1.1007416577885363,1.101107135926394,1.0999178963435179,1.100422632237816,148
2023-01-10 12:15:00,1.1022505077550515,1.1026294686800133,1.1015776147982825,1.1020000855175793,594
2023-01-10 12:30:00,1.101004261118116,1.1022475438545876,1.1002547531378868,1.1019047899851924,937
2023-01-10 12:45:00,1.1019124746110958,1.103108115927611,1.1018665522289284,1.1021838115109628,788
2023-01-10 13:00:00,1.1023978161447252,1.1028794899934289,1.1023540984803366,1.1027917080206793,486
2023-01-10 13:15:00,1.10266789334471,1.1033126445462147,1.1023937335309328,1.1029783171438357,488
2023-01-10 13:30:00,1.1024478116199925,1.1025809172990544,1.1019730143343103,1.102531883529285,317
2023-01-10 13:45:00,1.102489928233335,1.103373909413115,1.1024602206426988,1.1027259735221835,800
2023-01-10 14:00:00,1.1028099553668553,1.1041590214658474,1.1018822037094582,1.1037996052720431,445
2023-01-10 14:15:00,1.1031470451006908,1.1035195477571296,1.1026609726003644,1.102773089972632,329
2023-01-10 14:30:00,1.1023696881339091,1.1030034082948375,1.1021964748809057,1.102906059646779,354
2023-01-10 14:45:00,1.1023255622638954,1.1023576563524498,1.1014001551522885,1.10220593883184,335
2023-01-10 15:00:00,1.1044380267956397,1.104483903037864,1.1032696557006065,1.1034009854607647,125
2023-01-10 15:15:00,1.1014181062601878,1.1020039187541941,1.1012499127874822,1.101877798555981,683
2023-01-10 15:30:00,1.100053732947336,1.1013769912302702,1.0995735805491953,1.1013188767087092,360
2023-01-10 15:45:00,1.1015530864728338,1.101803445175359,1.1013218446608004,1.1016960885837739,865
2023-01-10 16:00:00,1.1038120924305075,1.1046011514592886,1.102671928052192,1.1032616126130081,370
2023-01-10 16:15:00,1.1041750360790454,1.1046677609218531,1.1031097351587296,1.1031958623519351,222
2023-01-10 16:30:00,1.1020258880280156,1.1030752401214903,1.1016901224421511,1.1026406628252419,755
2023-01-10 16:45:00,1.1047701695063008,1.1049979392693128,1.1037578042149885,1.1045218198946825,356
2023-01-10 17:00:00,1.1028411507658764,1.1035184264083806,1.1023973987821694,1.1030738059942664,755
2023-01-10 17:15:00,1.1008220258604942,1.101352650316765,1.1004416025333383,1.1008750000376462,520
2023-01-10 17:30:00,1.102637186161208,1.103075209557473,1.1012849714903918,1.1013150144876995,358
2023-01-10 17:45:00,1.1000614750991493,1.1015492956012225,1.0998673190964376,1.100812960263347,146
2023-01-10 18:00:00,1.0999185972769636,1.1002205875899482,1.0991669749958632,1.0997917274462163,962
2023-01-10 18:15:00,1.1007339304793982,1.1008487048070783,1.0998336951947756,1.1005000838935155,624
2023-01-10 18:30:00,1.1012867777697564,1.1021065198510192,1.1005691649436784,1.1007438846072868,987
2023-01-10 18:45:00,1.1002287975532854,1.100425033106316,1.099793521602172,1.10017980597655,307
2023-01-10 19:00:00,1.0990535268476311,1.0995518121029209,1.098709925018516,1.098899501577879,410
2023-01-10 19:15:00,1.0995761346224486,1.1000052065957735,1.0989610235346232,1.0997719589061594,846
2023-01-10 19:30:00,1.1005567235547404,1.1008769634523408,1.1001236729407575,1.100422160084118,248
2023-01-10 19:45:00,1.10015138808259,1.1004182357733374,1.0989562358988552,1.1003229842203386,933
2023-01-10 20:00:00,1.1024804071613143,1.1026424356754252,1.1019635108438741,1.1021696212163863,537
2023-01-10 20:15:00,1.1009147312820384,1.101673382144968,1.1004579944160298,1.1010995364500602,254
2023-01-10 20:30:00,1.0997625614760866,1.0998051662009036,1.0993051963276605,1.0995740112791355,777
2023-01-10 20:45:00,1.0988674718024116,1.1003776711947044,1.0986533786785064,1.0988821032092542,189
2023-01-10 21:00:00,1.0993995423182847,1.0994929903973658,1.0986965205419614,1.0988365171928987,797
2023-01-10 21:15:00,1.099054159780427,1.099895093264079,1.0984146444123173,1.0990798566422213,929
2023-01-10 21:30:00,1.0979521043502616,1.0994416178426385,1.0976944571894494,1.098838620584365,457
2023-01-10 21:45:00,1.0998216367312363,1.1002103404076187,1.098773535075862,1.0991906759808794,273
2023-01-10 22:00:00,1.0974862704062576,1.098172472047672,1.0963942220395673,1.0979391365566888,316
2023-01-10 22:15:00,1.0990560179914377,1.1001434042743419,1.0987707643872604,1.099382901160762,555
2023-01-10 22:30:00,1.0990029193353477,1.0997752082427819,1.0987125951840706,1.0993007499823695,875
2023-01-10 22:45:00,1.101105264860543,1.101978946459501,1.1001123531902632,1.1004180458139576,708
2023-01-10 23:00:00,1.099692934053346,1.1012268669424654,1.099646461950039,1.1007607711603353,728
2023-01-10 23:15:00,1.102786398646319,1.1029046762899286,1.1010977734184781,1.101217524379489,298
2023-01-10 23:30:00,1.1023153200642544,1.102883130137846,1.1012288747719563,1.1017872916597213,931
2023-01-10 23:45:00,1.1023466196768033,1.1028997664330091,1.1021417921348666,1.1022350002197387,585
2023-01-11 00:00:00,1.1028502759792982,1.1032899800603702,1.102484460109844,1.1028777229796063,632
2023-01-11 00:15:00,1.1043496525471677,1.1046539474087875,1.1032616551671608,1.1042068755097387,299
2023-01-11 00:30:00,1.10466395789363,1.1049284467476619,1.1043787425136802,1.1044033966794402,470
2023-01-11 00:45:00,1.1054350082300035,1.1059632870513836,1.104727980599044,1.1051124004370285,952
2023-01-11 01:00:00,1.1053004669757431,1.1059120085092908,1.104718551489019,1.1050226647427415,547
2023-01-11 01:15:00,1.1065075722988185,1.1066369994990033,1.1062812241443187,1.106462781958191,347
2023-01-11 01:30:00,1.1056877204459779,1.10596264214031,1.1055321654504062,1.1057863896561315,887
2023-01-11 01:45:00,1.1075116934472156,1.1078725057722492,1.1065668688011674,1.1075873300890424,363
2023-01-11 02:00:00,1.1074497179982217,1.1084574737886723,1.1064420804429913,1.107547172138398,157
2023-01-11 02:15:00,1.1066832820847134,1.1068183107639091,1.1054710748058187,1.10611639703628,401
2023-01-11 02:30:00,1.1065412798123313,1.1074974073000412,1.1060459037931178,1.1062445014511908,130
2023-01-11 02:45:00,1.1040932554763838,1.1055977668167587,1.103542120606156,1.105563449793716,597
2023-01-11 03:00:00,1.1067320437309696,1.1074162012503859,1.1062303125358028,1.1064040933427046,348
2023-01-11 03:15:00,1.1058488374607618,1.1068424754603772,1.1057081205136952,1.1057514693634023,704
2023-01-11 03:30:00,1.1052959315519646,1.105760967291275,1.105118097077683,1.1053052859301875,876
2023-01-11 03:45:00,1.1032214859726974,1.1034686220948777,1.1031256972746004,1.103415745199242,370
2023-01-11 04:00:00,1.103525495239986,1.1041573485788134,1.10271031838534,1.102963438879993,705
2023-01-11 04:15:00,1.1010133227844254,1.1014364807731583,1.0998159067036681,1.100539559553364,765
2023-01-11 04:30:00,1.0985692178959663,1.0992273964192132,1.098285166293402,1.0989556567298782,493
2023-01-11 04:45:00,1.0999195975295848,1.1000195027464441,1.0991912436365676,1.0997160713860226,896
2023-01-11 05:00:00,1.1000160431774026,1.10063388158534,1.0993347617510465,1.1005018715446733,601
2023-01-11 05:15:00,1.100237520024064,1.1015635058565116,1.0994172127423198,1.1009273291064583,691
2023-01-11 05:30:00,1.099646994351034,1.1003265990147189,1.098070965983778,1.099960352963329,903
2023-01-11 05:45:00,1.1003438383433786,1.100488200174791,1.0993508945905675,1.0999126416071872,183
2023-01-11 06:00:00,1.1003856015907847,1.1012130453088989,1.0997875980615215,1.0999090390680966,464
2023-01-11 06:15:00,1.0990072170889527,1.0994872402365925,1.0977096250273095,1.098750674378904,985
2023-01-11 06:30:00,1.100616620574095,1.1006779750408928,1.0999774981024815,1.100254072680671,648
2023-01-11 06:45:00,1.1013895241148044,1.1014362103019428,1.1008573348221635,1.1011314349712469,441
2023-01-11 07:00:00,1.1005897299998055,1.101475572659754,1.099628007102393,1.100910470797417,938
2023-01-11 07:15:00,1.1011533179087487,1.102359156246538,1.1005500491514024,1.1009373566364118,506
2023-01-11 07:30:00,1.1015459442069733,1.1023041412346,1.1003011479253757,1.1011457394443593,524
2023-01-11 07:45:00,1.099481150240842,1.099782209401038,1.0988683727055837,1.099104004575935,843
2023-01-11 08:00:00,1.0994512838791517,1.0994873023097935,1.0978690833078057,1.0988568271934143,192
2023-01-11 08:15:00,1.0985289948690171,1.0986350993539677,1.0977992932181628,1.0981748429454166,947
2023-01-11 08:30:00,1.0973489470392923,1.0978249062693035,1.0961406814123933,1.0971732229355216,713
2023-01-11 08:45:00,1.0974271977617938,1.0974659380210532,1.096877893852044,1.0968921226426356,511
2023-01-11 09:00:00,1.0986765485398606,1.0988186854395565,1.0976376426299326,1.0986898091694852,531
2023-01-11 09:15:00,1.0988897147051384,1.099951532318493,1.0987295658028702,1.0993306520307522,777
2023-01-11 09:30:00,1.0986779395589974,1.0989265612495918,1.0978562504810951,1.0987594730409693,258
2023-01-11 09:45:00,1.0989596044999224,1.099409685346738,1.0987792805542045,1.0993320558223256,113
